ticker,nome,setor,industria,pais,site,funcionarios,payout_ratio,receita,lucro_bruto,ebitda,margem_lucro,caixa_total,divida_total,roe,roa,liquidez_corrente,beta
AZUL4,Azul S.A.,Industrials,Airlines,Brazil,https://www.voeazul.com.br,15367.0,0.0,20242219008.0,6178396160.0,4346507776.0,-0.31851998,1601126016.0,35884503040.0,,0.10589,0.35,1.616
HAPV3,Hapvida Participações e Investimentos S.A.,Financial Services,Insurance - Life,Brazil,https://ri.hapvida.com.br,,0.0,29422798848.0,3391353088.0,2051096064.0,-0.02305,9478099968.0,16983700480.0,-0.013990001,0.0061000003,1.77,
COGN3,Cogna Educação S.A.,Consumer Defensive,Education & Training Services,Brazil,https://www.cogna.com.br,25489.0,0.0,6479706112.0,4402777088.0,1610251008.0,0.15178001,1421704960.0,6974388224.0,0.08316,0.036229998,1.383,0.432
B3SA3,"B3 S.A. - Brasil, Bolsa, Balcão",Financial Services,Financial Data & Stock Exchanges,Brazil,https://www.b3.com.br,,0.3524,9680094208.0,9293887488.0,6335019008.0,0.48895,14479451136.0,15382788096.0,0.24464001,0.084910005,2.129,0.497
BBAS3,Banco do Brasil S.A.,Financial Services,Banks - Regional,Brazil,https://www.bb.com.br,,0.4695,92521717760.0,91677417472.0,,0.33343,407310139392.0,1073962549248.0,0.18902001,0.0146200005,,0.427
ITSA4,Itaúsa S.A.,Industrials,Conglomerates,Brazil,https://www.itausa.com.br,,0.65809995,8201999872.0,2345999872.0,1784999936.0,1.85528,7448999936.0,12535000064.0,0.17547001,0.00374,1.973,0.521
BBDC4,Banco Bradesco S.A.,Financial Services,Banks - Regional,Brazil,https://banco.bradesco,71953.0,0.6352,83628048384.0,82282553344.0,,0.22405,205543997440.0,698441531392.0,0.112670004,0.0094800005,,0.388
PETR4,Petróleo Brasileiro S.A. - Petrobras,Energy,Oil & Gas Integrated,Brazil,https://petrobras.com.br,41778.0,1.4075,496251994112.0,246470000640.0,196239998976.0,0.09696,44038000640.0,370313986048.0,0.12019,0.08658,0.718,0.331
MGLU3,Magazine Luiza S.A.,Consumer Cyclical,Specialty Retail,Brazil,https://www.magazineluiza.com.br,,0.0,38187769856.0,11758955520.0,1744454016.0,0.01135,1733500032.0,8105999872.0,0.03896,0.02352,1.202,1.371
JBSS3,JBS S.A.,Consumer Defensive,Packaged Foods,Brazil,https://www.jbs.com.br,280000.0,0.65169996,441932349440.0,66432143360.0,37740699648.0,0.02465,27711750144.0,130297348096.0,0.25443,0.07797,1.623,0.139
CVCB3,CVC Brasil Operadora e Agência de Viagens S.A.,Consumer Cyclical,Travel Services,Brazil,https://www.cvc.com.br,,0.0,1443192064.0,1356652032.0,209698000.0,-0.05294,403854016.0,628531968.0,-0.13922,0.017070001,0.877,
ITUB4,Itaú Unibanco Holding S.A.,Financial Services,Banks - Regional,Brazil,https://www.itau.com.br,,0.6361,137859006464.0,137859006464.0,,0.30306998,389373001728.0,976235003904.0,0.21149,0.01582,,0.342
SRNA3,Serena Energia S.A.,Utilities,Utilities - Renewable,Brazil,https://srna.co,,0.0,4124979968.0,1385554944.0,1919219968.0,0.07211,1427974016.0,12103747584.0,0.05436,0.039619997,0.992,0.757
CPLE6,Companhia Paranaense de Energia - COPEL,Utilities,Utilities - Regulated Electric,Brazil,https://www.copel.com,4396.0,0.2723,23126124544.0,4304003072.0,5468179968.0,0.12729,6057193984.0,19138037760.0,0.095769994,0.04441,1.484,0.356
RAIZ4,Raízen S.A.,Utilities,Utilities - Renewable,Brazil,https://www.raizen.com.br,40000.0,2.1501,255268454400.0,11836792832.0,11061025792.0,-0.01667,22130833408.0,69448515584.0,-0.20728001,0.02072,1.331,0.422
LREN3,Lojas Renner S.A.,Consumer Cyclical,Department Stores,Brazil,https://www.lojasrennersa.com.br/en/,25102.0,0.5389,14785766400.0,8993948672.0,2055680000.0,0.08647,1630800000.0,2990799872.0,0.12555,0.0533,1.67,0.52
BEEF3,Minerva S.A.,Consumer Defensive,Farm Products,Brazil,https://ri.minervafoods.com,40000.0,0.0,38077931520.0,7649530880.0,3419968000.0,-0.03155,11874053120.0,27491442688.0,-5.2564,0.04658,1.48,0.228
VAMO3,"Vamos Locação de Caminhões, Máquinas e Equipamentos S.A.",Industrials,Rental & Leasing Services,Brazil,https://grupovamos.com.br,2291.0,0.4566,4699312128.0,3005368064.0,3274947072.0,0.081070006,2788228096.0,14593638400.0,0.202,0.07798,1.519,0.202
ABEV3,Ambev S.A.,Consumer Defensive,Beverages - Brewers,Brazil,https://www.ambev.com.br,43000.0,0.87,91673747456.0,47171932160.0,27293138944.0,0.15742,20310261760.0,3218170112.0,0.16239999,0.099980004,1.107,0.423
BRFS3,BRF S.A.,Consumer Defensive,Packaged Foods,Brazil,https://www.brf-global.com,100000.0,0.363,63513550848.0,16664133632.0,9521731584.0,0.06034,12981515264.0,24054505472.0,0.25631002,0.07707,1.458,0.641
ELET3,Centrais Elétricas Brasileiras S.A. - Eletrobrás,Utilities,Utilities - Renewable,Brazil,https://www.eletrobras.com,7710.0,0.28149998,41877458944.0,22434148352.0,16630330368.0,0.23156,26977865728.0,74860232704.0,0.082770005,0.028870001,2.29,0.383
OIBR3,Oi S.A.,Communication Services,Telecom Services,Brazil,https://www.oi.com.br,,0.0,2460421120.0,-2009661056.0,-2997760768.0,5.71276,1443000064.0,12974000128.0,,-0.094639994,0.696,
VALE3,Vale S.A.,Basic Materials,Other Industrial Metals & Mining,Brazil,https://www.vale.com,64616.0,0.6007,35590156288.0,12602458112.0,12382662656.0,0.14681,3998000128.0,18545999872.0,0.14263,0.07453,1.11,1.061
CSAN3,Cosan S.A.,Energy,Oil & Gas Refining & Marketing,Brazil,https://www.cosan.com.br,,0.3783,43771285504.0,13697796096.0,13367583744.0,-0.25175,17646567424.0,67072561152.0,-0.24821,0.0471,2.135,0.966
GGBR4,Gerdau S.A.,Basic Materials,Steel,Brazil,https://www2.gerdau.com,30000.0,0.50630003,68191727616.0,8730074112.0,8616631296.0,0.04798,6869878784.0,15994067968.0,0.061,0.044710003,2.64,0.959
RADL3,Raia Drogasil S.A.,Healthcare,Pharmaceutical Retailers,Brazil,https://rdsaude.com.br,66275.0,0.4428,39814971392.0,11773716480.0,3064745984.0,0.02948,470176000.0,7717969920.0,0.18677999,0.06762,1.345,0.238
GOLL4,Gol Linhas Aéreas Inteligentes S.A.,Industrials,Airlines,Brazil,https://www.voegol.com.br,13900.0,0.0,19129573376.0,5744629760.0,1237257984.0,-0.31716,2335259904.0,35876339712.0,,0.014529999,0.272,1.318
POMO4,Marcopolo S.A.,Industrials,Farm & Heavy Construction Machinery,Brazil,https://www.marcopolo.com.br,16027.0,0.5974,8615196672.0,2130313984.0,1494337024.0,0.1314,1763833984.0,3181964032.0,0.30146998,0.10057,1.701,0.108
EQTL3,Equatorial S.A.,Utilities,Utilities - Regulated Electric,Brazil,https://www.equatorialenergia.com.br,,0.2185,47177609216.0,11879463936.0,11168422912.0,0.06546,10282952704.0,54557855744.0,0.13803001,0.05133,1.244,0.213
ENEV3,Eneva S.A.,Utilities,Utilities - Diversified,Brazil,https://www.eneva.com.br,1846.0,0.0,13806404608.0,4352082944.0,3622334720.0,0.0353,,,,,,
RAIL3,Rumo S.A.,Industrials,Railroads,Brazil,https://www.rumolog.com,,0.120699994,13757121536.0,6366056960.0,7302084096.0,-0.10381,8579156992.0,26828709888.0,-0.09111,0.06787,1.904,0.019
VBBR3,Vibra Energia S.A.,Consumer Cyclical,Specialty Retail,Brazil,https://www.vibraenergia.com.br,3814.0,0.23110001,177531994112.0,8470000128.0,9550999552.0,0.034879997,5506999808.0,26616999936.0,0.32902,0.108219996,1.942,0.276
PCAR3,Companhia Brasileira De Distribuicao,Consumer Cyclical,Department Stores,Brazil,https://www.gpari.com.br,,0.0,18971000832.0,5241999872.0,528000000.0,-0.101,2176999936.0,9031999488.0,-0.36317003,0.0039500003,0.977,
STBP3,Santos Brasil Participações S.A.,Industrials,Marine Shipping,Brazil,https://www.santosbrasil.com.br,3703.0,0.6379,3141476096.0,1762132992.0,1510638976.0,0.25232,381980000.0,4213629952.0,0.56093,0.1682,1.007,
CMIG4,Companhia Energética de Minas Gerais - CEMIG,Utilities,Utilities - Diversified,Brazil,https://www.cemig.com.br,5028.0,0.3847,40605982720.0,6233081856.0,9290428416.0,0.17246,4700460032.0,15659601920.0,0.26266,0.081920005,1.059,0.546
MRFG3,Marfrig Global Foods S.A.,Consumer Defensive,Packaged Foods,Brazil,https://www.marfrig.com.br,126832.0,1.4966999,156675047424.0,20495880192.0,12000714752.0,0.018,19976742912.0,63879114752.0,0.13822,0.029779999,1.22,0.587
MRVE3,MRV Engenharia e Participações S.A.,Real Estate,Real Estate - Development,Brazil,https://www.mrv.com.br,,0.0,9009035264.0,2375876096.0,760571008.0,-0.055859998,3739177984.0,10065399808.0,-0.06413,0.015420001,1.682,0.774
ANIM3,Ânima Holding S.A.,Consumer Defensive,Education & Training Services,Brazil,https://animaeducacao.com.br,,2.049,3801379072.0,2357293056.0,1115064960.0,0.0224,1251981056.0,5323129856.0,0.07253,0.05435,2.165,0.925
ASAI3,Sendas Distribuidora S.A.,Consumer Defensive,Grocery Stores,Brazil,https://www.assai.com.br,87000.0,0.0022,75149000704.0,12485000192.0,5000999936.0,0.010989999,4407000064.0,25693999104.0,0.16384001,0.056789998,1.054,0.438
CSNA3,Companhia Siderúrgica Nacional,Basic Materials,Steel,Brazil,https://www.csn.com.br,,95.3245,44882096128.0,11802141696.0,8124748800.0,-0.0584,20701886464.0,54119878656.0,-0.0994,0.02974,1.637,1.765
JHSF3,JHSF Participações S.A.,Real Estate,Real Estate - Development,Brazil,https://jhsf.com.br,,0.236,1717624064.0,1009398016.0,693366976.0,0.62194,1892248064.0,5152556032.0,0.18346001,0.030580001,2.099,
TIMS3,TIM S.A.,Communication Services,Telecom Services,Brazil,https://www.tim.com.br,8873.0,1.5423,25746042880.0,13725859840.0,10365283328.0,0.13331,5327072768.0,15795061760.0,0.13871999,0.06761,0.88,0.305
PRIO3,Prio S.A.,Energy,Oil & Gas E&P,Brazil,https://www.prio3.com.br,,0.0,15601275904.0,6816735232.0,8460777984.0,0.72613996,4162326016.0,22065295360.0,0.53946996,0.08392,3.194,1.003
CASH3,Méliuz S.A.,Communication Services,Internet Content & Information,Brazil,https://www.meliuz.com.br,,31.948101,365017984.0,119301000.0,49522000.0,-0.0218,246871008.0,226000.0,-0.02003,0.03277,3.218,1.496
VIVA3,Vivara Participações S.A.,Consumer Cyclical,Luxury Goods,Brazil,https://www.vivara.com.br,6216.0,0.1197,2669604352.0,1868868992.0,802744320.0,0.27443,177078000.0,1063060992.0,0.31979,0.12614,3.544,0.547
SMFT3,Smartfit Escola de Ginástica e Dança S.A.,Consumer Cyclical,Leisure,Brazil,https://www.smartfit.com.br,18000.0,0.77660006,5998603776.0,2506690048.0,2177505024.0,0.07716,2951000064.0,11297000448.0,0.08619001,0.05156,1.534,0.709
NTCO3,Natura &Co Holding S.A.,Consumer Defensive,Household & Personal Products,Brazil,https://www.naturaeco.com,,0.0,26186631168.0,17113028608.0,2266498048.0,-0.31105,3683235072.0,7468767232.0,-0.0553,0.0295,1.533,0.875
LWSA3,Locaweb Serviços de Internet S.A.,Technology,Software - Infrastructure,Brazil,https://www.locaweb.com.br,,1.1373,1370032000.0,655011968.0,170992000.0,0.0308,447377984.0,74427000.0,0.014989999,0.017719999,1.181,0.972
RENT3,Localiza Rent a Car S.A.,Industrials,Rental & Leasing Services,Brazil,https://www.localiza.com,22134.0,0.9227,38724452352.0,7688015872.0,6541362176.0,0.04966,8169580032.0,44275593216.0,0.0733,0.049429998,1.429,0.454
BPAC11,Banco BTG Pactual S.A.,Financial Services,Capital Markets,Brazil,https://www.btgpactual.com.br,7778.0,,35426942976.0,35426942976.0,,0.31561002,289924218880.0,310344581120.0,0.1918,0.019809999,,0.815
BRAV3,Brava Energia S.A.,Energy,Oil & Gas E&P,Brazil,https://bravaenergia.com,,0.17819999,8726361088.0,2273388032.0,2816771072.0,-0.10425,5650686976.0,23459952640.0,-0.113079995,0.03549,1.693,0.218
CPLE3,Companhia Paranaense de Energia - COPEL,Utilities,Utilities - Regulated Electric,Brazil,https://www.copel.com,4396.0,0.2475,23126124544.0,4304003072.0,5468179968.0,0.12729,6057193984.0,19138037760.0,0.095769994,0.04441,1.484,0.356
GFSA3,Gafisa S.A.,Consumer Cyclical,Residential Construction,Brazil,https://www.gafisa.com.br,295.0,0.0,1012352000.0,-54327000.0,-72355000.0,-0.04008,343534016.0,1883618048.0,-0.02226,-0.01035,1.505,0.983
KLBN11,Klabin S.A.,Basic Materials,Paper & Paper Products,Brazil,https://www.klabin.com.br,,,20074950656.0,6115995136.0,7552066048.0,0.09,6470301184.0,37884788736.0,0.16363001,0.034360003,1.959,0.285
BBDC3,Banco Bradesco S.A.,Financial Services,Banks - Regional,Brazil,https://banco.bradesco,71953.0,0.5774,83628048384.0,82282553344.0,,0.22405,205543997440.0,698441531392.0,0.112670004,0.0094800005,,0.388
WEGE3,WEG S.A.,Industrials,Electrical Equipment & Parts,Brazil,https://www.weg.net/institutional/BR/en/,47529.0,0.3223,40032206848.0,13459161088.0,8698839040.0,0.15639,5657674240.0,3998317056.0,0.32733002,0.14083,1.707,0.377
RECV3,Petroreconcavo S.A.,Energy,Oil & Gas E&P,Brazil,https://petroreconcavo.com.br,1748.0,1.4528999,3380570880.0,1262243968.0,1728952064.0,0.16417,1057486976.0,1814557952.0,0.12177,0.087910004,2.474,0.004
POSI3,Positivo Tecnologia S.A.,Technology,Computer Hardware,Brazil,https://www.positivotecnologia.com.br,7500.0,0.72870004,3688325888.0,924036992.0,337180992.0,0.02179,582792000.0,1319025024.0,0.052449998,0.04381,1.974,0.547
AMER3,Americanas S.A.,Consumer Cyclical,Internet Retail,Brazil,https://ri.americanas.io,,0.0,13704999936.0,4288000000.0,-526000000.0,0.53499,863000000.0,6000000000.0,,-0.02252,1.494,
USIM5,Usinas Siderúrgicas de Minas Gerais S.A.,Basic Materials,Steel,Brazil,https://www.usiminas.com,,1.2866,26504724480.0,2034567040.0,1698998016.0,0.0053,6556379136.0,8643852288.0,0.01138,0.008590001,4.264,1.362
PETR3,Petróleo Brasileiro S.A. - Petrobras,Energy,Oil & Gas Integrated,Brazil,https://petrobras.com.br,41778.0,1.4075,496251994112.0,246470000640.0,196239998976.0,0.09696,44038000640.0,370313986048.0,0.12019,0.08658,0.718,0.331
VIVT3,Telefônica Brasil S.A.,Communication Services,Telecom Services,Brazil,https://www.telefonica.com.br,,0.5582,56689684480.0,26848520192.0,17719113728.0,0.10073,8185114112.0,20566042624.0,0.08355,0.04537,0.964,0.373
CYRE3,Cyrela Brazil Realty S.A. Empreendimentos e Participações,Consumer Cyclical,Residential Construction,Brazil,https://www.cyrela.com.br,,0.13270001,8345521152.0,2720681984.0,1434859008.0,0.20482,3012403968.0,6017458176.0,0.20807,0.04403,3.363,
CMIN3,CSN Mineração S.A.,Basic Materials,Steel,Brazil,https://ri.csnmineracao.com.br,7796.0,1.1332,16496317440.0,8450270208.0,5972249088.0,0.27447,15199818752.0,10251047936.0,0.43187,0.0916,2.363,1.463
UGPA3,Ultrapar Participações S.A.,Energy,Oil & Gas Refining & Marketing,Brazil,https://www.ultra.com.br,9999.0,0.3457,136432271360.0,8696170496.0,5012376064.0,0.0166,2737417984.0,15041673216.0,0.16082,0.06474,1.756,0.64
HBSA3,Hidrovias do Brasil S.A.,Industrials,Integrated Freight & Logistics,Brazil,https://hbsa.com.br,,0.0,1452497024.0,70325000.0,135944992.0,-0.36328998,397214016.0,3861327104.0,-0.44497,-0.020450002,1.095,0.654
CSMG3,Companhia de Saneamento de Minas Gerais,Utilities,Utilities - Regulated Water,Brazil,https://www.copasa.com.br,9613.0,0.6471,8072670208.0,3475248896.0,2848944128.0,0.17267,666035968.0,6071446016.0,0.1737,0.08609,1.201,
PETZ3,Pet Center Comércio e Participações S.A.,Consumer Cyclical,Specialty Retail,Brazil,https://www.petz.com.br,,0.2383,3322628096.0,1559275008.0,253528000.0,-0.00828,358503008.0,447119008.0,-0.01538,0.012610001,1.982,1.125
MOVI3,Movida Participações S.A.,Industrials,Rental & Leasing Services,Brazil,https://ri.movida.com.br,6831.0,0.32,13481270272.0,4015866880.0,4430476800.0,0.01717,4291363072.0,21054267392.0,0.09233,0.05881,0.751,0.452
AMOB3,,Consumer Cyclical,Auto & Truck Dealerships,Brazil,https://ri.vamosconcessionarias.com.br,,0.0,,,,0.0,,,,,,
AURE3,Auren Energia S.A.,Utilities,Utilities - Renewable,Brazil,https://www.aurenenergia.com.br,,0.0,8059951104.0,1496195968.0,1831133952.0,0.03113,7203177984.0,27215298560.0,0.02025,0.0184,1.558,0.16
GOAU4,Metalurgica Gerdau S.A.,Basic Materials,Steel,Brazil,https://www2.gerdau.com.br,,0.4091,68191727616.0,8730074112.0,8458811904.0,0.0036000002,6887383040.0,15994067968.0,0.060900003,0.044699997,2.644,0.966
MULT3,Multiplan Empreendimentos Imobiliários S.A.,Real Estate,Real Estate Services,Brazil,https://www.multiplan.com.br,,0.4595,2546801920.0,2237122048.0,2022164992.0,0.51352,71705000.0,5509726208.0,0.20382999,0.09743,1.414,0.065
ALOS3,Allos S.A.,Real Estate,Real Estate Services,Brazil,https://allos.co,1062.0,1.1888,2818898944.0,2099917952.0,1931010048.0,0.24780001,47771000.0,6982830080.0,0.05554,0.03032,0.42,0.189
SEER3,Ser Educacional S.A.,Consumer Defensive,Education & Training Services,Brazil,https://www.sereducacional.com,,0.0,2070628992.0,1176459008.0,475944000.0,0.028970001,316936000.0,1694216960.0,0.049099997,0.066989996,1.262,
IFCM3,Infracommerce CXaaS S.A.,Industrials,Specialty Business Services,Brazil,https://ri.infracommerce.com.br,,0.0,1030947008.0,306167008.0,-132680000.0,-1.3408799,87182000.0,831065024.0,-1.9921299,-0.04334,0.73,
BHIA3,Grupo Casas Bahia S.A.,Consumer Cyclical,Specialty Retail,Brazil,https://www.grupocasasbahia.com.br,31739.0,0.0,27206000640.0,8376999936.0,1047000000.0,-0.03841,2414000128.0,15242000384.0,-0.35239,0.01588,0.734,1.147
CBAV3,Companhia Brasileira de Alumínio,Basic Materials,Aluminum,Brazil,https://www.cba.com.br,,0.0,8817613824.0,1219597952.0,1369730944.0,0.02049,857694016.0,4043072000.0,0.064050004,0.036199998,1.767,1.153
YDUQ3,Yduqs Participações S.A.,Consumer Defensive,Education & Training Services,Brazil,https://www.yduqs.com.br,16000.0,0.0,5374584832.0,3171396096.0,1287971968.0,0.05942,932200000.0,5332400128.0,0.10086001,0.06565,1.361,0.554
SUZB3,Suzano S.A.,Basic Materials,Paper & Paper Products,Brazil,https://www.suzano.com.br,,0.36029997,49497600000.0,20066777088.0,23760537600.0,-0.019170001,16430827520.0,97894088704.0,-0.02202,0.06018,2.614,0.413
RDOR3,Rede D'Or São Luiz S.A.,Healthcare,Medical Care Facilities,Brazil,https://www.rededorsaoluiz.com.br,,0.37669998,51349262336.0,9950996480.0,9279162368.0,0.07951,39994089472.0,43565416448.0,0.16,0.05076,2.865,1.019
HYPE3,Hypera S.A.,Healthcare,Drug Manufacturers - Specialty & Generic,Brazil,https://www.hypera.com.br,10481.0,0.921,6696712192.0,3775949056.0,1178192000.0,0.12078,1740114048.0,9543418880.0,0.06841,0.02562,1.263,0.362
ECOR3,EcoRodovias Infraestrutura e Logística S.A.,Industrials,Infrastructure Operations,Brazil,https://www.ecorodovias.com.br,5457.0,0.16479999,9872371712.0,3908908032.0,4422282240.0,0.09158,3745221120.0,20277116928.0,0.27362,0.080620006,0.67,0.808
RAPT4,Randon S.A. Implementos e Participações,Industrials,Farm & Heavy Construction Machinery,Brazil,https://www.randon.com.br/en,16727.0,0.3743,11915741184.0,3184152064.0,1711689984.0,0.03428,2808989952.0,7006487040.0,0.16463,0.06416,1.912,0.359
GMAT3,Grupo Mateus S.A.,Consumer Cyclical,Department Stores,Brazil,https://www.grupomateus.com.br,,0.33150002,33034262528.0,7318511104.0,2439665920.0,0.04223,1520551040.0,4642386944.0,0.14838,0.07609,2.405,0.549
ELET6,Centrais Elétricas Brasileiras S.A. - Eletrobrás,Utilities,Utilities - Renewable,Brazil,https://www.eletrobras.com,7710.0,0.8103,41877458944.0,22434148352.0,16630330368.0,0.23156,26977865728.0,74860232704.0,0.082770005,0.028870001,2.29,0.383
ODPV3,Odontoprev S.A.,Healthcare,Healthcare Plans,Brazil,https://www.odontoprev.com.br,1927.0,0.6522,2458065920.0,1450711040.0,855859968.0,0.22873,459625984.0,25793000.0,0.3944,0.23429,0.847,0.441
BRSR6,Banco do Estado do Rio Grande do Sul S.A.,Financial Services,Banks - Regional,Brazil,https://www.banrisul.com.br,9462.0,0.28620002,6530369024.0,6445872128.0,,0.117410004,4932313088.0,33444630528.0,0.07462,0.00545,,
VVEO3,CM Hospitalar S/A,Healthcare,Medical Distribution,Brazil,https://www.mafrasaude.com.br,,0.2245,11415664640.0,1292459008.0,-612814016.0,-0.12942,884214976.0,4086947072.0,-0.57323,-0.049629997,1.847,
ALPA4,Alpargatas S.A.,Consumer Cyclical,Footwear & Accessories,Brazil,https://www.alpargatas.com.br,,0.39270002,4268997120.0,1907799040.0,243224992.0,0.0458,1098646016.0,1071315968.0,0.04982,0.01097,2.167,
CEAB3,C&A Modas S.A.,Consumer Cyclical,Specialty Retail,Brazil,https://www.cea.com.br,,0.2749,7795613184.0,4087140096.0,997220992.0,0.04948,1520819968.0,3227835904.0,0.12162,0.058720004,1.3,1.192
CXSE3,Caixa Seguridade Participações S.A.,Financial Services,Insurance - Diversified,Brazil,https://www.caixaseguridade.com.br,140.0,1.0546,5254608896.0,4738784256.0,4396097024.0,0.7536,1144749952.0,0.0,0.28839,0.18871,9.316,0.416
LJQQ3,Lojas Quero-Quero S.A.,Consumer Cyclical,Specialty Retail,Brazil,https://www.queroquero.com.br,,162.7253,2666330112.0,928137024.0,147202000.0,5e-05,653011968.0,2005790976.0,0.00027000002,0.01795,1.557,0.9
FLRY3,Fleury S.A.,Healthcare,Diagnostics & Research,Brazil,https://ri.fleury.com.br,27500.0,0.88449997,7795283968.0,2149993984.0,1748498944.0,0.0805,2460559104.0,5497897984.0,0.11605,0.06202,2.292,0.316
SIMH3,SIMPAR S.A.,Industrials,Rental & Leasing Services,Brazil,https://ri.simpar.com.br,56000.0,0.0,42447081472.0,10859803648.0,10591094784.0,-0.00556,13213360128.0,59952136192.0,0.00244,0.054429997,1.446,0.497
GRND3,Grendene S.A.,Consumer Cyclical,Footwear & Accessories,Brazil,https://www.grendene.com.br,17370.0,0.3154,2628580096.0,1241074048.0,543046016.0,0.27971,1163777024.0,88824000.0,0.19096,0.074499995,7.097,0.371
RCSL4,Recrusul S/A,Industrials,Specialty Industrial Machinery,Brazil,https://www.recrusul.com.br,,0.0,19854000.0,1691000.0,-13884000.0,-0.92515,5000.0,5221000.0,,-0.17281,0.636,0.673
BBSE3,BB Seguridade Participações S.A.,Financial Services,Insurance - Diversified,Brazil,https://www.bbseguridaderi.com.br,,0.8339,10228758528.0,10060282880.0,9818066944.0,0.84512,6455132160.0,0.0,0.73004997,0.33738998,2.495,0.438
DIRR3,Direcional Engenharia S.A.,Real Estate,Real Estate - Development,Brazil,https://direcional.com.br,,0.91230005,3348470016.0,1218343040.0,651267968.0,0.19065,1615181056.0,1688925952.0,0.33577,0.04164,3.031,0.54
AZZA3,Azzas 2154 S.A.,Consumer Cyclical,Footwear & Accessories,Brazil,https://ri.azzas2154.com.br,,0.4481,10004052992.0,5374961152.0,967305984.0,0.03878,1103399936.0,4073299968.0,0.0715,0.0425,1.546,0.531
QUAL3,Qualicorp Consultoria e Corretora de Seguros S.A.,Healthcare,Healthcare Plans,Brazil,https://www.qualicorp.com.br,1558.0,0.0,1580459008.0,1314137984.0,277411008.0,0.00416,892945984.0,1881851008.0,0.01164,0.026099999,1.103,0.734
BRAP4,Bradespar S.A.,Financial Services,Asset Management,Brazil,https://www.bradespar.com.br,,0.5182,-15856000.0,-15856000.0,,0.0,711201024.0,4784000.0,0.13831,-0.00528,5.831,
TAEE11,Transmissora Aliança de Energia Elétrica S.A.,Utilities,Utilities - Regulated Electric,Brazil,https://institucional.taesa.com.br/,854.0,0.0,3718138112.0,2476240896.0,2223948032.0,0.45558,750976000.0,9894993920.0,0.25164,0.06913,1.227,0.099
CURY3,Cury Construtora e Incorporadora S.A.,Real Estate,Real Estate - Development,Brazil,https://cury.net,,0.545,4305110016.0,1671239936.0,968681472.0,0.16774,1543805952.0,1282811008.0,0.61201,0.14172,2.263,0.021
IGTI11,Iguatemi S.A.,Real Estate,Real Estate Services,Brazil,https://iguatemi.com.br,,,1264744960.0,879081984.0,766497984.0,0.33694,2271283968.0,4130287104.0,0.098620005,0.04547,4.875,0.099
IGTI11,Iguatemi S.A.,Real Estate,Real Estate Services,Brazil,https://iguatemi.com.br,,,1264744960.0,879081984.0,766497984.0,0.33694,2271283968.0,4130287104.0,0.098620005,0.04547,4.875,0.099
INTB3,Intelbras S.A. - Indústria de Telecomunicação Eletrônica Brasileira,Technology,Communication Equipment,Brazil,https://www.intelbras.com,,0.3462,4756146176.0,1462628992.0,607912000.0,0.11121,887969024.0,941729984.0,0.18905,0.06506,2.269,0.042
TOTS3,TOTVS S.A.,Technology,Software - Application,Brazil,https://www.totvs.com,,0.45150003,5460523008.0,3796442112.0,1046878016.0,0.14385,1943040000.0,1629318016.0,0.15835,0.06373,2.522,0.692
AZEV4,Azevedo & Travassos S.A.,Industrials,Engineering & Construction,Brazil,https://www.azevedotravassos.com.br,,0.0,151818000.0,2549000.0,-94881000.0,-1.7553301,3151000.0,109446000.0,-1.1752601,-0.11825,0.402,0.898
BRKM5,Braskem S.A.,Basic Materials,Chemicals,Brazil,https://www.braskem.com.br,,0.0,78950998016.0,6096000000.0,2843000064.0,-0.1175,13029000192.0,68976001024.0,,-0.00607,1.317,0.823
EMBR3,Embraer S.A.,Industrials,Aerospace & Defense,Brazil,https://embraer.com,20923.0,0.0,37381095424.0,6649038848.0,3808754944.0,0.059120003,7796759040.0,12432989184.0,0.12720999,0.033069998,1.321,0.992
SOJA3,Boa Safra Sementes S.A.,Basic Materials,Agricultural Inputs,Brazil,https://www.boasafrasementes.com.br,,1.5377,1903166976.0,243494000.0,180495008.0,0.05256,886747008.0,860659968.0,0.09866,0.031229999,3.456,
SLCE3,SLC Agrícola S.A.,Consumer Defensive,Farm Products,Brazil,https://www.slcagricola.com.br,,0.4898,7289891840.0,2737564928.0,2202958080.0,0.10248,1253396992.0,9213636608.0,0.14754,0.0716,1.437,
SBSP3,Companhia de Saneamento Básico do Estado de São Paulo - SABESP,Utilities,Utilities - Regulated Water,Brazil,https://www.sabesp.com.br,9700.0,0.1027,38011432960.0,20478142464.0,18849085440.0,0.26935,8136582144.0,27638321152.0,0.29643,0.13753,1.088,0.15
TEND3,Construtora Tenda S.A.,Real Estate,Real Estate - Development,Brazil,https://www.tenda.com,4536.0,0.2065,3404785920.0,979870976.0,382228000.0,0.055069998,581500992.0,883395968.0,0.1727,0.044910002,1.751,
DXCO3,Dexco S.A.,Basic Materials,Lumber & Wood Production,Brazil,https://ri.dex.co,,0.0431,8201205248.0,1942891008.0,1523985024.0,0.03144,1488312064.0,7797350912.0,0.039419997,0.01258,1.374,0.569
ENGI11,Energisa S.A.,Utilities,Utilities - Regulated Electric,Brazil,https://www.energisa.com.br,17000.0,,34151348224.0,8967498752.0,8365734912.0,0.10727,8584616960.0,38014935040.0,0.21505,0.054169998,1.381,0.422
EGIE3,Engie Brasil Energia S.A.,Utilities,Utilities - Renewable,Brazil,https://www.engie.com.br,1247.0,0.3516,11622287360.0,6232325120.0,6790253056.0,0.28944,5574639104.0,27015497728.0,0.27629,0.07229,1.275,0.378
AZTE3,Azevedo & Travassos Energia S.A.,Energy,Oil & Gas E&P,Brazil,https://www.azevedotravassosenergia.com.br,,,,,,0.0,,,,,,
ONCO3,Oncoclínicas do Brasil Serviços Médicos S.A.,Healthcare,Medical Care Facilities,Brazil,https://www.grupooncoclinicas.com,,0.0,6227227136.0,2060418048.0,78607000.0,-0.103769995,1920564992.0,5593274880.0,-0.2367,-0.0068699997,1.9,0.983
MDNE3,Moura Dubeux Engenharia S.A.,Real Estate,Real Estate Services,Brazil,https://www.mouradubeux.com.br,7000.0,0.2173,1700553984.0,574340992.0,324038016.0,0.16428,402889984.0,528511008.0,0.18693,0.05053,1.984,
DASA3,Diagnósticos da América S.A.,Healthcare,Diagnostics & Research,Brazil,https://www.dasa3.com.br,,0.0,15420358656.0,4262853120.0,1820761984.0,-0.07375,3575542016.0,15395287040.0,-0.15027,0.02631,1.918,
ISAE4,ISA Energía Brasil S.A,Utilities,Utilities - Independent Power Producers,Brazil,https://www.isacteep.com.br,1636.0,0.4359,8400433152.0,3892080896.0,4745963008.0,0.42481,3276683008.0,14952062976.0,0.18391001,0.07131,3.773,0.387
IRBR3,IRB-Brasil Resseguros S.A.,Financial Services,Insurance - Reinsurance,Brazil,https://www.irbre.com,335.0,0.0,6535535104.0,1254291968.0,1279394048.0,0.12329,3720537088.0,509971008.0,0.17548001,0.049629997,1.047,0.855
TFCO4,Track & Field Co S.A.,Consumer Cyclical,Apparel Retail,Brazil,https://www.tfco.com.br,,0.2908,882414016.0,503201984.0,196295008.0,0.14297,50440000.0,147231008.0,0.27461,0.14653,2.721,
CPFE3,CPFL Energia S.A.,Utilities,Utilities - Regulated Electric,Brazil,https://www.cpfl.com.br,,0.59349996,43117654016.0,13566132224.0,13065982976.0,0.1237,4048145920.0,31084048384.0,0.2497,0.087019995,0.986,0.352
CAML3,Camil Alimentos S.A.,Consumer Defensive,Packaged Foods,Brazil,https://www.camil.com.br,,0.2967,12262899712.0,2389900032.0,859200000.0,0.0177,2531899904.0,5512800256.0,0.06631,0.03411,1.642,0.125
GGPS3,GPS Participações e Empreendimentos S.A.,Industrials,Specialty Business Services,Brazil,https://gpssa.com.br,190000.0,0.2307,14773999616.0,2236000000.0,1603574016.0,0.04454,3025999872.0,5512000000.0,0.20593001,0.06695,2.392,0.389
LIGT3,Light S.A.,Utilities,Utilities - Renewable,Brazil,https://ri.light.com.br/en/,,0.0,14876282880.0,808918976.0,2344953088.0,0.1105,3089521920.0,9802552320.0,0.39541999,0.03801,1.422,1.3
MLAS3,Multilaser Industrial S.A.,Technology,Electronics & Computer Distribution,Brazil,https://www.multilaser.com.br,,0.0,3421498112.0,863880000.0,104946000.0,-0.055040002,472900000.0,716200000.0,-0.061729997,0.0074299998,2.109,0.334
KEPL3,Kepler Weber S.A.,Industrials,Farm & Heavy Construction Machinery,Brazil,https://www.kepler.com.br,,0.5377,1584216064.0,440868000.0,277985984.0,0.10894,356824000.0,323366016.0,0.23104,0.10869,2.007,
HBOR3,Helbor Empreendimentos S.A.,Real Estate,Real Estate Services,Brazil,https://www.helbor.com.br,,0.21370001,1273670016.0,424204992.0,201500000.0,0.04482,225984000.0,1720374016.0,0.06381,0.01715,1.61,
CSED3,Cruzeiro do Sul Educacional S.A.,Consumer Defensive,Education & Training Services,Brazil,https://www.cruzeirodosuleducacional.com.br,7668.0,0.4157,2568352000.0,1215938944.0,569796992.0,0.05619,555331008.0,2250025984.0,0.101009995,0.06465,0.929,0.539
PSSA3,Porto Seguro S.A.,Financial Services,Insurance - Diversified,Brazil,https://www.portoseguro.com.br,13700.0,0.4031,38437322752.0,15922325504.0,5224931840.0,0.07353,9930800128.0,130600000.0,0.21716,0.066939995,1.106,0.634
CRFB3,Atacadão S.A.,Consumer Cyclical,Department Stores,Brazil,https://www.grupocarrefourbrasil.com.br,,0.1034,115636002816.0,19921000448.0,5735433216.0,0.01516,15207999488.0,24964999168.0,0.089320004,0.029089998,0.999,0.947
AZEV3,Azevedo & Travassos S.A.,Industrials,Engineering & Construction,Brazil,https://www.azevedotravassos.com.br,,0.0,151818000.0,2549000.0,-94881000.0,-1.7553301,3151000.0,109446000.0,-1.1752601,-0.11825,0.402,0.898
EVEN3,Even Construtora e Incorporadora S.A.,Real Estate,Real Estate - Development,Brazil,https://www.even.com.br,,2.3008,2090123008.0,550124032.0,212235008.0,0.01487,867376000.0,1113083008.0,0.05132,0.02071,4.378,
PGMN3,Empreendimentos Pague Menos S.A.,Healthcare,Pharmaceutical Retailers,Brazil,https://www.paguemenos.com.br,26057.0,1.7077,12641824768.0,4026116096.0,750299008.0,0.0,149386000.0,3507097088.0,0.03832,0.03986,1.365,0.206
GUAR3,Guararapes Confecções S.A.,Consumer Cyclical,Apparel Retail,Brazil,https://ri.riachuelo.com.br,31919.0,0.2552,9634206720.0,5664690176.0,972044032.0,0.02441,1472216064.0,3048068096.0,0.04425,0.034059998,1.478,0.969
TTEN3,Três Tentos Agroindustrial S/A,Basic Materials,Agricultural Inputs,Brazil,https://www.3tentos.com.br,,0.1205,13645657088.0,2542054912.0,1291851008.0,0.058229998,1654883968.0,2233095936.0,0.20844999,0.08656,1.447,-0.014
SAPR11,Companhia de Saneamento do Paraná - SANEPAR,Utilities,Utilities - Regulated Water,Brazil,https://www.sanepar.com.br,5977.0,,6955440128.0,3909398016.0,2089213056.0,0.34131,1848624000.0,6609243136.0,0.21426001,0.045890003,1.47,0.201
EZTC3,EZTEC Empreendimentos e Participações S.A.,Real Estate,Real Estate - Development,Brazil,https://www.eztec.com.br,,0.584,1560541056.0,532340992.0,279872992.0,0.25927,770432000.0,1160246016.0,0.08943,0.02582,6.842,0.596
ENJU3,Enjoei S.A.,Consumer Cyclical,Internet Retail,Brazil,https://www.enjoei.com.br,,0.0,264380992.0,149731008.0,-32828000.0,-0.0788,196764000.0,10784000.0,-0.06452,-0.05328,3.201,
SAPR4,Companhia de Saneamento do Paraná - SANEPAR,Utilities,Utilities - Regulated Water,Brazil,https://www.sanepar.com.br,5977.0,0.21450001,6955440128.0,3909398016.0,2089213056.0,0.34131,1848624000.0,6609243136.0,0.21426001,0.045890003,1.47,0.201
SMTO3,São Martinho S.A.,Basic Materials,Specialty Chemicals,Brazil,https://www.saomartinho.com.br,,0.4266,7846219776.0,1850840064.0,4165650944.0,0.13751,3256250880.0,11510685696.0,0.16605,0.063379996,2.268,0.543
KLBN4,Klabin S.A.,Basic Materials,Paper & Paper Products,Brazil,https://www.klabin.com.br,,0.8375,20074950656.0,6115995136.0,7552066048.0,0.09,6470301184.0,37884788736.0,0.16363001,0.034360003,1.959,0.285
PLPL3,Plano & Plano Desenvolvimento Imobiliário S.A.,Real Estate,Real Estate - Development,Brazil,https://www.planoeplano.com.br,,0.3016,2589400064.0,856400000.0,465958656.0,0.13277,733800000.0,269900000.0,0.50009,0.12169,3.699,0.142
SBFG3,Grupo SBF S.A.,Consumer Cyclical,Specialty Retail,Brazil,https://ri.gruposbf.com.br,,0.080699995,7151713792.0,3506326016.0,718049984.0,0.07498,996713024.0,2917309952.0,0.19296,0.04305,1.513,0.849
LAVV3,Lavvi Empreendimentos Imobiliários S.A.,Real Estate,Real Estate Services,Brazil,https://www.lavvi.com.br,,0.37080002,1598717056.0,540622976.0,347300000.0,0.22479999,703297024.0,270460000.0,0.25801,0.071440004,4.852,0.427
MILS3,"Mills Locação, Serviços e Logística S.A.",Industrials,Rental & Leasing Services,Brazil,https://www.mills.com.br,2236.0,0.44919997,1634596992.0,1022320000.0,736388992.0,0.17438999,715905984.0,1899288960.0,0.19002001,0.09774,2.168,
SANB11,Banco Santander (Brasil) S.A.,Financial Services,Banks - Regional,Brazil,https://www.santander.com.br,55303.0,,51419987968.0,50479804416.0,,0.27406,251736702976.0,318007803904.0,0.13627,0.01199,,0.516
TUPY3,Tupy S.A.,Industrials,Metal Fabrication,Brazil,https://www.tupy.com.br,19000.0,3.2954998,10550250496.0,1843325952.0,1216859008.0,-0.00421,2376203008.0,4770312192.0,,,,0.438
MYPK3,Iochpe-Maxion S.A.,Consumer Cyclical,Auto Parts,Brazil,https://www.iochpe.com.br,5056.0,0.473,15674096640.0,1881036032.0,1483075968.0,0.01438,1968905984.0,5824094208.0,0.07485,0.042290002,1.608,
ITUB3,Itaú Unibanco Holding S.A.,Financial Services,Banks - Regional,Brazil,https://www.itau.com.br,,0.6361,137859006464.0,137859006464.0,,0.30306998,389373001728.0,976235003904.0,0.21149,0.01582,,0.342
PNVL3,Dimed S.A. Distribuidora de Medicamentos,Healthcare,Drug Manufacturers - General,Brazil,https://www.dimed.com.br,11108.0,0.6476,4975047168.0,1585485952.0,376268992.0,0.01958,204350000.0,1222620032.0,0.07977,0.03926,1.901,
PDGR3,PDG Realty S.A. Empreendimentos e Participações,Real Estate,Real Estate - Development,Brazil,https://www.pdg.com.br,,0.0,137540992.0,12510000.0,-88460000.0,0.0,30715000.0,353620992.0,,-0.09387,0.324,
NEOE3,Neoenergia S.A.,Utilities,Utilities - Regulated Electric,Brazil,https://www.neoenergia.com,,0.234,49654001664.0,11182999552.0,13208999936.0,0.07067,6013000192.0,52023001088.0,0.108780004,0.060850002,1.127,0.366
LEVE3,MAHLE Metal Leve S.A.,Consumer Cyclical,Auto Parts,Brazil,https://www.mahle.com/en,7560.0,0.6335,4803879936.0,1326168064.0,857353984.0,0.10406,325000000.0,1031900032.0,0.50014,0.13846,1.336,
ORVR3,Orizon Valorização de Resíduos S.A.,Industrials,Waste Management,Brazil,https://orizonvr.com.br,,0.0,903473024.0,413547008.0,363596000.0,0.0674,601822976.0,1974999040.0,0.09203,0.057719998,2.155,0.222
PORT3,Wilson Sons S.A.,Industrials,Marine Shipping,Brazil,https://www.wilsonsons.com.br,4000.0,0.8114,3052250880.0,1459878016.0,1236754944.0,0.18731001,587600000.0,2718086912.0,0.22205,0.09193,1.123,0.177
MELK3,Melnick Desenvolvimento Imobiliário S.A.,Real Estate,Real Estate Services,Brazil,https://www.melnick.com.br,,0.576,1009032000.0,220276000.0,50433000.0,0.053969998,350582016.0,349640000.0,0.08913,0.011770001,2.784,
MTRE3,Mitre Realty Empreendimentos e Participações S.A.,Real Estate,Real Estate - Development,Brazil,https://www.mitrerealty.com.br,,0.644,1173170048.0,291292992.0,95939000.0,0.0506,148663008.0,632558016.0,0.08068,0.02533,2.454,1.112
PINE4,Banco Pine S.A.,Financial Services,Banks - Regional,Brazil,https://www.pine.com,429.0,0.6102,602905984.0,599822976.0,,0.42834,5450706944.0,7726358016.0,0.23353,0.010629999,,0.44
WIZC3,Wiz Co Participações e Corretagem de Seguros S.A.,Financial Services,Insurance Brokers,Brazil,https://wiz.co,,0.2459,1257265024.0,789321024.0,661870976.0,0.12735,270100000.0,357593984.0,0.25664,0.14025,0.664,0.644
BPAN4,Banco Pan S.A.,Financial Services,Banks - Regional,Brazil,https://www.bancopan.com.br,,0.4391,9026551808.0,9029492736.0,,0.08677,53766000.0,20141840384.0,0.100530006,0.0123000005,,1.506
TRIS3,Trisul S.A.,Real Estate,Real Estate Services,Brazil,https://www.trisul-sa.com.br,233.0,0.207,1315932032.0,388647008.0,207564992.0,0.13858,522640000.0,878401984.0,0.12675,0.03938,3.567,
VTRU3,"Vitru Brasil Empreendimentos, Participações e Comércio S.A",Consumer Defensive,Education & Training Services,Brazil,https://www.vitru.com.br,,0.0,2183309056.0,1417563008.0,583004032.0,0.1514,581100032.0,2761499904.0,0.13572,0.04682,2.151,
ZAMP3,Zamp S.A.,Consumer Cyclical,Restaurants,Brazil,https://zamp.com.br,,0.0,4686376960.0,2976549120.0,307588992.0,-0.030739998,375049984.0,2019520000.0,-0.10182,0.00401,1.137,
UCAS3,Unicasa Indústria de Móveis S.A.,Consumer Cyclical,"Furnishings, Fixtures & Appliances",Brazil,https://www.unicasamoveis.com.br,516.0,0.96389997,222507008.0,79495000.0,9510000.0,0.01897,52581000.0,110447000.0,0.022249999,-0.00822,1.301,
ALUP11,Alupar Investimento S.A.,Utilities,Utilities - Renewable,Brazil,https://www.alupar.com.br,906.0,,4229299968.0,3009080064.0,2999671040.0,0.26716998,2635448064.0,12629525504.0,0.16724001,0.05894,2.148,0.266
BMGB4,Banco BMG S.A.,Financial Services,Banks - Regional,Brazil,https://www.bancobmg.com.br,,1.6250999,2176893952.0,2176893952.0,,0.12438,310544992.0,4165626112.0,0.07991,0.00664,,
LPSB3,LPS Brasil - Consultoria de Imóveis S.A.,Real Estate,Real Estate Services,Brazil,https://www.lopes.com.br,336.0,0.3001,192348000.0,160944000.0,45341000.0,0.09666,76404000.0,15973000.0,0.16092,0.06397,1.546,0.377
MBLY3,Mobly S.A.,Consumer Cyclical,Specialty Retail,Brazil,https://www.mobly.com.br,,0.0,811196992.0,374484992.0,-62852000.0,-0.1839,23036000.0,1016092032.0,-0.4937,-0.0418,1.158,0.079
AMAR3,Marisa Lojas S.A.,Consumer Cyclical,Apparel Retail,Brazil,https://www.marisa.com.br,,0.0,1392168960.0,683548032.0,-2504000.0,-0.22683,92052000.0,639134976.0,-1.82035,-0.0062,0.652,1.37
SHUL4,Schulz S.A.,Consumer Cyclical,Auto Parts,Brazil,https://www.schulz.com.br,3440.0,0.6652,1945885952.0,502228992.0,347089984.0,0.1312,808339008.0,749172992.0,0.18744,0.07282,3.16,0.192
VULC3,Vulcabras S.A.,Consumer Cyclical,Footwear & Accessories,Brazil,https://www.vulcabrasri.com,,0.64839995,3152505088.0,1320406016.0,692963968.0,0.18626,243846000.0,286385984.0,0.27899,0.12746,3.737,0.326
JALL3,Jalles Machado S/A,Consumer Defensive,Confectioners,Brazil,https://jalles.com,,0.17639999,2186998016.0,1038606016.0,1688504960.0,-0.015859999,1175276032.0,4568192000.0,-0.01696,0.07579,3.302,0.557
FESA4,Cia de Ferro Ligas da Bahia S.A. - FERBASA,Basic Materials,Steel,Brazil,https://www.ferbasa.com.br,,0.8171,2236704000.0,396577984.0,291632992.0,0.14653,846745984.0,483500000.0,0.10035,0.01496,2.676,0.198
MEAL3,International Meal Company Alimentação S.A.,Consumer Cyclical,Restaurants,Brazil,https://ri.internationalmealcompany.com,,0.0,2224984064.0,730056000.0,137111008.0,-0.03428,217796000.0,1267281024.0,-0.07391,0.00119,0.777,0.787
FIQE3,Unifique Telecomunicações S.A.,Communication Services,Telecom Services,Brazil,https://unifique.com.br,2764.0,0.4296,1045830976.0,531375008.0,454532992.0,0.16646999,419339008.0,703187008.0,0.14784999,0.07872,1.547,
JSLG3,JSL S.A.,Industrials,Integrated Freight & Logistics,Brazil,https://www.jsl.com.br,,0.5818,9305858048.0,1556770944.0,1687562496.0,0.022090001,1747600000.0,8211899904.0,0.11784001,0.05787,1.616,0.304
RANI3,Irani Papel e Embalagem S.A.,Consumer Cyclical,Packaging & Containers,Brazil,https://irani.com.br,2348.0,0.8092,1688024960.0,553502976.0,456024992.0,0.1911,667860992.0,1786513024.0,0.23485,0.047659997,3.515,0.437
ARML3,"Armac Locação, Logística e Serviços S.A.",Industrials,Rental & Leasing Services,Brazil,https://armac.com.br,,0.65379995,1818098944.0,691894976.0,676168000.0,0.07163,721574976.0,2470523904.0,0.10554,0.06522,2.417,
TASA4,Taurus Armas S.A.,Industrials,Aerospace & Defense,Brazil,https://www.taurusarmas.com.br,,0.5004,1572873984.0,549907008.0,167132256.0,0.048499998,210400000.0,746300032.0,0.06368,0.03601,1.7,
BLAU3,Blau Farmacêutica S.A.,Healthcare,Drug Manufacturers - Specialty & Generic,Brazil,https://www.blau.com,,0.2204,1767692032.0,688577984.0,442952000.0,0.15164,442099008.0,551433984.0,0.12595001,0.07593,3.229,
ABCB4,Banco ABC Brasil S.A.,Financial Services,Banks - Regional,Brazil,https://www.abcbrasil.com.br,,0.3146,2695823104.0,2692666112.0,,0.36123002,10522823680.0,18119350272.0,0.16087,0.01584,,0.379
HBRE3,HBR Realty Empreendimentos Imobiliários S.A.,Real Estate,Real Estate Services,Brazil,https://www.hbrrealty.com.br,,0.0,169751008.0,128043000.0,84095000.0,0.20892,150388000.0,1570322944.0,0.04269,0.00993,1.571,
LOGG3,LOG Commercial Properties e Participações S.A.,Real Estate,Real Estate Services,Brazil,https://www.logcp.com.br,,0.42470002,227128000.0,221943008.0,165156000.0,1.64906,92066000.0,2194664960.0,0.10069,0.015310001,0.887,0.76
SYNE3,Syn Prop & Tech S.A.,Real Estate,Real Estate - Diversified,Brazil,https://www.syn.com.br/en,,0.8054,1331042944.0,552259008.0,535768000.0,0.41942,438465984.0,841140992.0,0.31711,0.07856,5.427,
POMO3,Marcopolo S.A.,Industrials,Farm & Heavy Construction Machinery,Brazil,https://www.marcopolo.com.br,16027.0,0.5974,8615196672.0,2130313984.0,1494337024.0,0.1314,1763833984.0,3181964032.0,0.30146998,0.10057,1.701,0.108
RCSL3,Recrusul S/A,Industrials,Specialty Industrial Machinery,Brazil,https://www.recrusul.com.br,,0.0,19854000.0,1691000.0,-13884000.0,-0.92515,5000.0,5221000.0,,-0.17281,0.636,0.673
FRAS3,Fras-le S.A.,Consumer Cyclical,Auto Parts,Brazil,https://ri.fras-le.com.br,6000.0,0.42240003,4456241152.0,1496019968.0,800028032.0,0.07356,720601024.0,3001462016.0,0.16139999,0.07666,2.187,0.354
PTBL3,PBG S.A.,Industrials,Building Products & Equipment,Brazil,https://www.portobello.com.br,,0.0,2474203904.0,921870976.0,214570000.0,-0.0461,412041984.0,1961885056.0,-0.33203,0.022739999,0.871,
KLBN3,Klabin S.A.,Basic Materials,Paper & Paper Products,Brazil,https://www.klabin.com.br,,0.8375,20074950656.0,6115995136.0,7552066048.0,0.09,6470301184.0,37884788736.0,0.16363001,0.034360003,1.959,0.285
OPCT3,OceanPact Serviços Marítimos S.A.,Industrials,Specialty Business Services,Brazil,https://www.oceanpact.com,2162.0,0.0,1721058048.0,461915008.0,510943008.0,-0.00906,533712000.0,1708697984.0,-0.0175,0.062979996,1.818,1.041
MDIA3,M. Dias Branco S.A. Indústria e Comércio de Alimentos,Consumer Defensive,Packaged Foods,Brazil,https://mdiasbranco.com.br,16277.0,0.3147,9731344384.0,2786693120.0,1046096000.0,0.057589997,2288058112.0,2702765056.0,0.07135,0.03978,2.153,-0.002
PRNR3,Priner Serviços Industriais S.A.,Industrials,Engineering & Construction,Brazil,https://www.priner.com.br,6994.0,0.33290002,1100583040.0,247571008.0,131577000.0,0.00922,243739008.0,488508000.0,0.093760006,0.05454,1.115,0.673
AERI3,Aeris Indústria e Comércio de Equipamentos para Geração de Energia S.A.,Industrials,Specialty Industrial Machinery,Brazil,https://www.aerisenergy.com.br,2567.0,0.0,1211406976.0,130718000.0,-651006976.0,-0.81507003,112714000.0,1193388032.0,-1.6344099,-0.16697,0.989,0.774
PFRM3,Profarma Distribuidora de Produtos Farmacêuticos S.A.,Healthcare,Medical Distribution,Brazil,https://www.profarma.com.br,,0.90470004,10153622528.0,1522838016.0,342148992.0,0.01128,229552000.0,1246712064.0,0.078600004,0.03549,1.345,0.838
ALPK3,"Allpark Empreendimentos, Participações e Serviços S.A.",Industrials,Infrastructure Operations,Brazil,https://www.ri.estapar.com.br,,0.0,1640306048.0,544657984.0,428516000.0,-0.0028,169560000.0,1433150976.0,0.00909,0.07956,0.579,
PMAM3,Paranapanema S.A.,Basic Materials,Copper,Brazil,https://www.paranapanema.com.br,,0.0,517064992.0,-162180992.0,-235055008.0,0.0,36294000.0,5237291008.0,,-0.11948,0.059,
BRST3,,Communication Services,Telecom Services,Brazil,https://www.brisanet.com.br,9000.0,0.2935,1427794048.0,601088000.0,533716992.0,0.042579997,618046016.0,1981442944.0,0.03973,0.03358,1.121,
VLID3,Valid Soluções S.A.,Industrials,Specialty Business Services,Brazil,https://www.valid.com,,0.8713,2187744000.0,766254016.0,324809984.0,0.14618,627200000.0,597699968.0,0.19251,0.06143,2.831,0.222
ESPA3,MPM Corpóreos S.A.,Consumer Cyclical,Personal Services,Brazil,https://ri.espacolaser.com.br,4615.0,0.0,1029771008.0,345136992.0,209856992.0,0.00245,224068000.0,864806016.0,0.0019200001,0.04042,1.491,0.68
MATD3,Hospital Mater Dei S.A.,Healthcare,Medical Care Facilities,Brazil,https://www.materdei.com.br,,1.8145,2226000896.0,670596992.0,416100992.0,-0.15204,675315968.0,2188611072.0,-0.20052,0.04552,3.161,0.535
BMOB3,Bemobi Mobile Tech S.A.,Communication Services,Entertainment,Brazil,https://www.bemobi.com.br,800.0,0.46400002,1533265024.0,359808000.0,127272000.0,0.08411,520400000.0,5400000.0,0.113970004,0.04844,2.65,
ITSA3,Itaúsa S.A.,Industrials,Conglomerates,Brazil,https://www.itausa.com.br,,0.65809995,8201999872.0,2345999872.0,1784999936.0,1.85528,7448999936.0,12535000064.0,0.17547001,0.00374,1.973,0.521
BRBI11,BRBI BR Partners S.A.,Financial Services,Capital Markets,Brazil,https://brpartners.com.br,,,-6478474752.0,-6479093248.0,,0.0,11411508224.0,13621607424.0,0.23091999,0.01406,1.202,
DESK3,Desktop S.A.,Communication Services,Telecom Services,Brazil,https://desktop.com.br,4500.0,0.059499998,1155209984.0,727144000.0,463844000.0,0.07828,337025984.0,1489437056.0,0.07509,0.053579997,1.368,0.724
TGMA3,Tegma Gestão Logística S.A.,Industrials,Trucking,Brazil,https://www.tegma.com.br,,0.6483,2141326976.0,461840992.0,371144992.0,0.1289,339200000.0,198700000.0,0.30102,0.17009,3.199,0.498
DEXP3,Dexxos Participações S.A.,Basic Materials,Chemicals,Brazil,https://www.dexxos.com.br,,0.3765,1810393984.0,350542016.0,244455008.0,0.07965,341760992.0,283201984.0,0.16927,0.08931,3.283,0.872
UNIP6,Unipar Carbocloro S.A.,Basic Materials,Chemicals,Brazil,https://www.unipar.com,1400.0,0.39419997,5431599104.0,1472600960.0,1010046016.0,0.102290004,1518081024.0,2317981952.0,0.21176,0.0637,2.879,0.653
VITT3,Vittia S.A.,Basic Materials,Agricultural Inputs,Brazil,https://vittia.com.br,1171.0,0.3714,802880000.0,263796000.0,103183000.0,0.090629995,17696000.0,268636992.0,0.117580004,0.057189997,2.669,
SHOW3,T4F Entretenimento S.A.,Consumer Cyclical,Leisure,Brazil,https://www.t4f.com.br,,0.0,165654000.0,21087000.0,-3861000.0,-0.41933998,113950000.0,89189000.0,-0.42964,-0.008880001,1.192,1.326
SAPR3,Companhia de Saneamento do Paraná - SANEPAR,Utilities,Utilities - Regulated Water,Brazil,https://www.sanepar.com.br,5977.0,0.195,6955440128.0,3909398016.0,2089213056.0,0.34131,1848624000.0,6609243136.0,0.21426001,0.045890003,1.47,0.201
AGRO3,BrasilAgro - Companhia Brasileira de Propriedades Agrícolas,Consumer Defensive,Farm Products,Brazil,https://ri.brasil-agro.com,,0.50240004,1230657024.0,486416992.0,398374016.0,0.25156,81221000.0,1338961024.0,0.15002,0.06024,1.585,
TAEE4,Transmissora Aliança de Energia Elétrica S.A.,Utilities,Utilities - Regulated Electric,Brazil,https://institucional.taesa.com.br/,854.0,0.488,3718138112.0,2476240896.0,2223948032.0,0.45558,750976000.0,9894993920.0,0.25164,0.06913,1.227,0.099
ROMI3,Romi S.A.,Industrials,Industrial Distribution,Brazil,https://www.romi.com,,0.7632,1284592000.0,361264992.0,133621000.0,0.0825,294953984.0,794569024.0,0.08928,0.01899,2.117,0.473
AALR3,Alliança Saúde e Participações S.A.,Healthcare,Diagnostics & Research,Brazil,https://www.allianca.com,,0.0,1216992000.0,355656992.0,164898000.0,-0.10609999,114972000.0,951062016.0,-0.112679996,0.025409998,1.042,0.74
ETER3,Eternit S.A.,Industrials,Building Products & Equipment,Brazil,https://www.eternit.com.br,1800.0,0.4007,1178555008.0,233540992.0,80353000.0,0.023570001,25707000.0,153119008.0,0.03398,0.0149,1.719,
LUPA3,Lupatech S.A.,Energy,Oil & Gas Equipment & Services,Brazil,https://www.lupatech.com.br,,0.0,123127000.0,25858000.0,-22934000.0,-0.25804,4657000.0,179700992.0,-0.21327999,-0.03553,1.393,1.358
EUCA4,Eucatex S.A. Indústria e Comércio,Industrials,Building Products & Equipment,Brazil,https://www.eucatex.com.br,,0.3422,2857808896.0,856708992.0,550910016.0,0.06929,246235008.0,1202178048.0,0.07956,0.045289997,1.715,0.848
RNEW4,Renova Energia S.A.,Utilities,Utilities - Renewable,Brazil,https://www.renovaenergia.com.br,,0.0,259226000.0,119763000.0,1913000.0,-0.45161,149360992.0,1169161984.0,-0.13387,-0.020179998,0.795,0.706
CAMB3,Cambuci S.A.,Consumer Cyclical,Leisure,Brazil,https://ri.cambuci.com.br,,0.3648,437894016.0,215938000.0,107428000.0,0.17451,43844000.0,3233000.0,0.29726,0.16931,2.816,0.486
BRAP3,Bradespar S.A.,Financial Services,Asset Management,Brazil,https://www.bradespar.com.br,,0.4711,-15856000.0,-15856000.0,,0.0,711201024.0,4784000.0,0.13831,-0.00528,5.831,
AMBP3,Ambipar Participações e Empreendimentos S.A.,Industrials,Waste Management,Brazil,https://ambipar.com,,0.0,6413676032.0,1254361984.0,1489410944.0,-0.044850003,3869705984.0,10020082688.0,-0.06442,0.05572,2.911,1.076
TECN3,Technos S.A.,Consumer Cyclical,Luxury Goods,Brazil,https://www.grupotechnos.com.br,,0.1625,400280000.0,218851008.0,71384000.0,0.16197,119913000.0,111193000.0,0.15946999,0.06004,2.895,0.716
CMIG3,Companhia Energética de Minas Gerais - CEMIG,Utilities,Utilities - Diversified,Brazil,https://www.cemig.com.br,5028.0,0.36180001,40605982720.0,6233081856.0,9290428416.0,0.17246,4700460032.0,15659601920.0,0.26266,0.081920005,1.059,0.546
PDTC3,Padtec Holding S.A.,Technology,Communication Equipment,Brazil,https://www.padtec.com.br/en/investor/padtec-holding-en/,,0.0,312679008.0,104992000.0,15070000.0,-0.042680003,137447008.0,398182016.0,-0.10177,0.00877,2.397,2.012
OIBR4,Oi S.A.,Communication Services,Telecom Services,Brazil,https://www.oi.com.br,,0.0,2460421120.0,-2009661056.0,-2997760768.0,5.71276,1443000064.0,12974000128.0,,-0.094639994,0.696,
USIM3,Usinas Siderúrgicas de Minas Gerais S.A.,Basic Materials,Steel,Brazil,https://www.usiminas.com,,1.1697,26504724480.0,2034567040.0,1698998016.0,0.0053,6556379136.0,8643852288.0,0.01138,0.008590001,4.264,1.362
RSID3,Rossi Residencial S.A.,Consumer Cyclical,Residential Construction,Brazil,https://www.rossiresidencial.com.br,82.0,0.0,84333000.0,-13295000.0,-219470000.0,3.276,27944000.0,379601984.0,,-0.24309999,0.451,0.932
SEQL3,Sequoia Logística e Transportes S.A.,Industrials,Integrated Freight & Logistics,Brazil,https://www.sequoialog.com.br,,0.0,699464000.0,-43250000.0,-634835968.0,-1.2375599,13306000.0,564022016.0,-3.88096,-0.24629,0.373,1.13
TAEE3,Transmissora Aliança de Energia Elétrica S.A.,Utilities,Utilities - Regulated Electric,Brazil,https://institucional.taesa.com.br/,854.0,0.488,3718138112.0,2476240896.0,2223948032.0,0.45558,750976000.0,9894993920.0,0.25164,0.06913,1.227,0.099
INEP4,Inepar S.A. Indústria e Construções,Industrials,Specialty Industrial Machinery,Brazil,https://www.inepar.com.br,,0.0,4402000.0,-2113000.0,-66140000.0,0.0,447000.0,927512000.0,,-0.043169998,0.077,0.85
DEXP4,Dexxos Participações S.A.,Basic Materials,Chemicals,Brazil,https://www.dexxos.com.br,,0.5201,1810393984.0,350542016.0,244455008.0,0.07965,341760992.0,283201984.0,0.16927,0.08931,3.283,0.872
DMVF3,d1000 Varejo Farma Participações S.A.,Healthcare,Pharmaceutical Retailers,Brazil,https://www.d1000varejofarma.com.br/ri,4200.0,0.0,2160645120.0,661640000.0,98205000.0,0.01197,57598000.0,387984000.0,0.029260002,0.02337,1.14,0.267
RAPT3,Randon S.A. Implementos e Participações,Industrials,Farm & Heavy Construction Machinery,Brazil,https://www.randon.com.br/en,16727.0,0.3743,11915741184.0,3184152064.0,1711689984.0,0.03428,2808989952.0,7006487040.0,0.16463,0.06416,1.912,0.359
SANB4,Banco Santander (Brasil) S.A.,Financial Services,Banks - Regional,Brazil,https://www.santander.com.br,55303.0,0.4917,51419987968.0,50479804416.0,,0.27406,251736702976.0,318007803904.0,0.13627,0.01199,,0.516
SANB3,Banco Santander (Brasil) S.A.,Financial Services,Banks - Regional,Brazil,https://www.santander.com.br,55303.0,0.447,51419987968.0,50479804416.0,,0.27406,251736702976.0,318007803904.0,0.13627,0.01199,,0.516
VIVR3,Viver Incorporadora e Construtora S.A.,Real Estate,Real Estate - Development,Brazil,https://www.viver.com.br,,0.0,112726000.0,34410000.0,2491000.0,-0.39347,19637000.0,26533000.0,-0.56481,0.0047,1.71,0.902
HOOT4,Hotéis Othon S.A.,Consumer Cyclical,Lodging,Brazil,https://www.ciahoteisothon.com.br,,0.0,162732992.0,110853000.0,63234000.0,0.49857,14453000.0,1022000.0,,0.06639,0.527,0.536
ALLD3,Allied Tecnologia S.A.,Technology,Software - Application,Brazil,https://alliedbrasil.com.br,,1.5707,5299381248.0,635980992.0,192770000.0,0.02086,338083008.0,558460032.0,0.06942,0.03276,1.856,
NGRD3,Neogrid Participações S.A.,Technology,Software - Application,Brazil,https://www.neogrid.com,,1.2974,275441984.0,161679008.0,-28257000.0,-0.113129996,137028992.0,16823000.0,-0.06955,-0.03312,2.544,
RNEW3,Renova Energia S.A.,Utilities,Utilities - Renewable,Brazil,https://www.renovaenergia.com.br,,0.0,259226000.0,119763000.0,1913000.0,-0.45161,149360992.0,1169161984.0,-0.13387,-0.020179998,0.795,0.706
PTNT4,Pettenati S.A. Industria Têxtil,Consumer Cyclical,Apparel Manufacturing,Brazil,https://www.pettenati.com.br,,0.4154,822907200.0,122147872.0,90095664.0,0.0404,245294720.0,386759712.0,0.09648,0.03504,2.558,
TRAD3,TC S.A.,Technology,Software - Application,Brazil,https://www.tradersclub.com.br,181.0,0.0,41558000.0,12381000.0,-84465000.0,-2.06519,27106000.0,2423000.0,-0.37488,-0.22067,4.046,
SCAR3,São Carlos Empreendimentos e Participações S.A.,Real Estate,Real Estate Services,Brazil,https://www.scsa.com.br,,0.4107,459304992.0,186482000.0,176584752.0,0.64636004,701000.0,1158237056.0,0.18249,0.024230001,3.949,0.576
EALT4,Electro Aço Altona S.A.,Industrials,Metal Fabrication,Brazil,https://www.altona.com.br,,0.0251,587512000.0,170982000.0,145132992.0,0.16127001,10115000.0,108730000.0,0.32167,0.1251,1.275,
BRKM3,Braskem S.A.,Basic Materials,Chemicals,Brazil,https://www.braskem.com.br,,0.0,78950998016.0,6096000000.0,2843000064.0,-0.1175,13029000192.0,68976001024.0,,-0.00607,1.317,0.823
TCSA3,Tecnisa S.A.,Real Estate,Real Estate - Development,Brazil,https://www.tecnisa.com.br,,0.0,430120000.0,-36648000.0,-162450000.0,-0.31509,144600992.0,593099008.0,-0.30851,-0.073,1.077,
IGTI3,Iguatemi S.A.,Real Estate,Real Estate Services,Brazil,https://iguatemi.com.br,,0.2751,1264744960.0,879081984.0,766497984.0,0.33694,2271283968.0,4130287104.0,0.098620005,0.04547,4.875,0.099
IGTI3,Iguatemi S.A.,Real Estate,Real Estate Services,Brazil,https://iguatemi.com.br,,0.2751,1264744960.0,879081984.0,766497984.0,0.33694,2271283968.0,4130287104.0,0.098620005,0.04547,4.875,0.099
FICT3,Fictor Alimentos S.A.,Communication Services,Telecom Services,Brazil,https://www.fictoralimentos.com.br,,0.0,,,382000.0,0.0,,8441000.0,-0.08672,-0.01822,0.023,0.433
MGEL4,Mangels Industrial S.A.,Basic Materials,Steel,Brazil,https://www.mangels.com.br,,0.0,966702016.0,116659000.0,61994000.0,-0.025910001,60192000.0,625502976.0,-1.1628,0.03364,1.561,
WEST3,Westwing Comércio Varejista S.A.,Consumer Cyclical,Specialty Retail,Brazil,https://www.westwing.com.br,,0.0,161128992.0,65019000.0,-25164000.0,-0.12177,110497000.0,10190000.0,-0.08485,-0.06226,2.909,
LVTC3,Livetech da Bahia Indústria e Comércio S.A.,Communication Services,Telecom Services,Brazil,https://wdcnet.com.br,,0.0,837881024.0,216199008.0,220786000.0,0.0342,102030000.0,590412992.0,0.044060003,0.02642,1.76,1.513
AGXY3,AgroGalaxy Participações S.A.,Basic Materials,Agricultural Inputs,Brazil,https://www.agrogalaxy.com.br,1150.0,0.0,4612366848.0,-61681000.0,-1915091968.0,-0.64959,475542016.0,2159147008.0,,-0.21736999,0.348,0.003
LOGN3,Log-In Logística Intermodal S.A.,Industrials,Marine Shipping,Brazil,https://www.loginlogistica.com.br,,0.0,2860155904.0,461243008.0,551753024.0,0.0251,316000000.0,2047000064.0,0.07323,0.060149997,1.114,
GOAU3,Metalurgica Gerdau S.A.,Basic Materials,Steel,Brazil,https://www2.gerdau.com.br,,0.4091,68191727616.0,8730074112.0,8458811904.0,0.0036000002,6887383040.0,15994067968.0,0.060900003,0.044699997,2.644,0.966
WHRL3,Whirlpool S.A.,Consumer Cyclical,"Furnishings, Fixtures & Appliances",Brazil,https://www.whirlpool.com.br,,0.73,12931657728.0,2210320896.0,1177832960.0,0.07027,3376539904.0,1335181952.0,0.33675,0.06452,1.053,0.564
GGBR3,Gerdau S.A.,Basic Materials,Steel,Brazil,https://www2.gerdau.com,30000.0,0.50630003,68191727616.0,8730074112.0,8616631296.0,0.04798,6869878784.0,15994067968.0,0.061,0.044710003,2.64,0.959
ELMD3,Eletromidia S.A.,,,Brazil,https://www.eletromidia.com.br,,,1253245056.0,626868992.0,431124000.0,0.089449994,621699008.0,1424644992.0,0.12618,0.07067,1.757,-0.354
INEP3,Inepar S.A. Indústria e Construções,Industrials,Specialty Industrial Machinery,Brazil,https://www.inepar.com.br,,0.0,4402000.0,-2113000.0,-66140000.0,0.0,447000.0,927512000.0,,-0.043169998,0.077,0.85
BIOM3,Biomm S.A.,Healthcare,Biotechnology,Brazil,https://www.biomm.com,,0.0,142904992.0,17883000.0,-70040000.0,-0.54048,126349000.0,121383000.0,-0.40048,-0.12527001,2.724,0.739
EALT3,Electro Aço Altona S.A.,Industrials,Metal Fabrication,Brazil,https://www.altona.com.br,,0.0665,587512000.0,170982000.0,145132992.0,0.16127001,10115000.0,108730000.0,0.32167,0.1251,1.275,
EQPA3,Equatorial Pará Distribuidora de Energia S.A.,Utilities,Utilities - Regulated Electric,Brazil,https://pa.equatorialenergia.com.br,,0.8645,10861896704.0,3814745088.0,3023971072.0,0.18193,3613541888.0,7692631040.0,0.41017,0.10148,1.556,0.219
LAND3,Terra Santa Propriedades Agrícolas S.A.,Consumer Defensive,Farm Products,Brazil,https://www.terrasantapa.com.br,,1.1408,68332000.0,63579000.0,23826000.0,0.1073,8832000.0,99296000.0,0.0102699995,0.01354,0.558,-0.057
AVLL3,Alphaville S.A.,Real Estate,Real Estate - Development,Brazil,https://www.alphaville.com.br,,0.0,678828992.0,263706000.0,164316000.0,0.097440004,220103008.0,622929024.0,,0.07716,0.839,0.542
ATMP3,ATMA Participações S.A.,Industrials,Specialty Business Services,Brazil,https://atmasa.com.br,12547.0,0.0,371752992.0,39661000.0,11023000.0,-0.37862998,68431000.0,226996000.0,-0.64083,-0.01606,0.413,0.84
BMEB4,Banco Mercantil do Brasil S.A.,Financial Services,Banks - Regional,Brazil,https://bancomercantil.com.br,3096.0,0.4541,4378462208.0,4378462208.0,,0.16288,4256698880.0,4737418240.0,0.39613,0.03042,,
CSUD3,CSU Digital S.A.,Technology,Software - Infrastructure,Brazil,https://www2.csu.com.br,,0.4902,567638976.0,229584992.0,136224992.0,0.16062,96197000.0,70541000.0,0.20116,0.12489,1.221,0.32
WHRL4,Whirlpool S.A.,Consumer Cyclical,"Furnishings, Fixtures & Appliances",Brazil,https://www.whirlpool.com.br,,0.80300003,12931657728.0,2210320896.0,1177832960.0,0.07027,3376539904.0,1335181952.0,0.33675,0.06452,1.053,0.564
ALUP4,Alupar Investimento S.A.,Utilities,Utilities - Renewable,Brazil,https://www.alupar.com.br,906.0,0.1745,4229299968.0,3009080064.0,2999671040.0,0.26716998,2635448064.0,12629525504.0,0.16724001,0.05894,2.148,0.266
BOBR4,Bombril S.A.,Consumer Defensive,Household & Personal Products,Brazil,https://www.bombril.com.br,2390.0,0.0,1541149952.0,632140032.0,219134000.0,0.0473,102431000.0,388892000.0,,0.13767,0.967,0.807
TPIS3,Triunfo Participações e Investimentos S.A.,Industrials,Infrastructure Operations,Brazil,https://www.triunfo.com,3380.0,0.0,1322851968.0,454160000.0,525687008.0,0.0269,42700000.0,1430500992.0,-0.027139999,0.061290003,0.208,0.66
BRSR3,Banco do Estado do Rio Grande do Sul S.A.,Financial Services,Banks - Regional,Brazil,https://www.banrisul.com.br,9462.0,0.28620002,6530369024.0,6445872128.0,,0.117410004,4932313088.0,33444630528.0,0.07462,0.00545,,
NUTR3,Nutriplant Indústria e Comércio S/A,Basic Materials,Agricultural Inputs,Brazil,https://www.nutriplant.com.br,,0.0,195207008.0,34674000.0,14596000.0,0.028800001,2463000.0,13467000.0,0.14094,0.0769,1.813,
BEES3,Banestes S.A - Banco do Estado do Espírito Santo,Financial Services,Banks - Regional,Brazil,https://www.banestes.com.br,,0.5044,1700526976.0,1672304000.0,,0.25206,568267008.0,9901670400.0,0.19332,0.0109399995,,0.252
DOTZ3,Dotz S.A.,Communication Services,Advertising Agencies,Brazil,https://dotz.com.br,,0.0,154016000.0,126790000.0,-3340000.0,-0.10705,28736000.0,70566000.0,,-0.01846,0.24,-0.24
FIEI3,Fica Empreendimentos Imobiliarios S.A,Real Estate,Real Estate - Development,Brazil,https://www.fica.net.br,,0.0,2507000.0,1627000.0,-3541000.0,-0.25369,830000.0,11339000.0,-0.00802,-0.0227,2.053,-0.039
PINE3,Banco Pine S.A.,Financial Services,Banks - Regional,Brazil,https://www.pine.com,429.0,0.6089,602905984.0,599822976.0,,0.42834,5450706944.0,7726358016.0,0.23353,0.010629999,,0.44
EMAE4,Empresa Metropolitana de Águas e Energia S.A.,Utilities,Utilities - Diversified,Brazil,https://emae.com.br,,1.0601001,616862976.0,224976000.0,12267000.0,0.107980005,266046000.0,0.0,0.05687,0.00053,3.91,
RNEW11,Renova Energia S.A.,Utilities,Utilities - Renewable,Brazil,https://www.renovaenergia.com.br,,,259226000.0,119763000.0,1913000.0,-0.45161,149360992.0,1169161984.0,-0.13387,-0.020179998,0.795,0.706
VSTE3,Veste S.A. Estilo,,,,,,,,,,,,,,,,
JFEN3,João Fortes Engenharia S.A.,Real Estate,Real Estate Services,Brazil,https://www.joaofortes.com.br,,0.0,166984000.0,-40584000.0,-130929000.0,-1.33559,8363000.0,264888992.0,,-0.09661999,1.829,1.045
FHER3,Fertilizantes Heringer S.A.,Basic Materials,Agricultural Inputs,Brazil,https://www.heringer.com.br,1466.0,0.0,4608584192.0,131875000.0,-190716000.0,-0.25056,98405000.0,519679008.0,,-0.05165,0.794,1.135
UNIP3,Unipar Carbocloro S.A.,Basic Materials,Chemicals,Brazil,https://www.unipar.com,1400.0,0.35830003,5431599104.0,1472600960.0,1010046016.0,0.102290004,1518081024.0,2317981952.0,0.21176,0.0637,2.879,0.653
TASA3,Taurus Armas S.A.,Industrials,Aerospace & Defense,Brazil,https://www.taurusarmas.com.br,,0.5004,1572873984.0,549907008.0,167132256.0,0.048499998,210400000.0,746300032.0,0.06368,0.03601,1.7,
CGRA4,Grazziotin S.A.,Consumer Cyclical,Department Stores,Brazil,https://www.grazziotin.com.br,2828.0,0.53540003,728592000.0,384966016.0,108071000.0,0.14363,207188000.0,175755008.0,0.11392,0.03808,2.472,0.39
RDNI3,RNI Negócios Imobiliários S.A.,Real Estate,Real Estate - Development,Brazil,https://rni.com.br,,0.0,541312000.0,83859000.0,-49711000.0,-0.26207,41626000.0,584531968.0,-0.36316,-0.019919999,1.622,0.445
REAG3,REAG Investimentos S.A.,Financial Services,Asset Management,Brazil,https://www.getninjas.com.br,151.0,0.0,60167000.0,51667000.0,-16336000.0,0.22117001,293896992.0,1122000.0,0.04597,-0.03889,16.472,0.798
CEBR3,Companhia Energética de Brasília - CEB,Utilities,Utilities - Regulated Electric,Brazil,https://www.ceb.com.br,,0.6725,390660992.0,209723008.0,148066256.0,0.46167,681924992.0,0.0,0.17459999,0.05802,9.386,
AMAR11,,,,,,,,,,,,,,,,,
EPAR3,Embpar Participacoes S.A.,Basic Materials,Lumber & Wood Production,Brazil,https://embpar.com.br,,2.9101,7052000.0,825000.0,-13257000.0,-1.1118801,14366000.0,0.0,-0.11605,-0.108710006,13.711,
BEES4,Banestes S.A - Banco do Estado do Espírito Santo,Financial Services,Banks - Regional,Brazil,https://www.banestes.com.br,,0.5044,1700526976.0,1672304000.0,,0.25206,568267008.0,9901670400.0,0.19332,0.0109399995,,0.252
COCE5,Companhia Energética do Ceará - COELCE,Utilities,Utilities - Regulated Electric,Brazil,https://www.enel.com.br/pt/investidores.html,1963.0,0.3966,8444800000.0,1252492032.0,1750834048.0,0.04404,299534016.0,5965427200.0,0.07833,0.04918,0.477,0.214
ENGI4,Energisa S.A.,Utilities,Utilities - Regulated Electric,Brazil,https://www.energisa.com.br,17000.0,0.36169997,34151348224.0,8967498752.0,8365734912.0,0.10727,8584616960.0,38014935040.0,0.21505,0.054169998,1.381,0.422
DOHL4,Döhler S.A.,Consumer Cyclical,Textile Manufacturing,Brazil,https://www.dohler.com.br,,0.0,627566976.0,129974000.0,1861000.0,-0.02447,84806000.0,166472000.0,-0.021930002,-0.01084,6.069,0.095
ALUP3,Alupar Investimento S.A.,Utilities,Utilities - Renewable,Brazil,https://www.alupar.com.br,906.0,0.1745,4229299968.0,3009080064.0,2999671040.0,0.26716998,2635448064.0,12629525504.0,0.16724001,0.05894,2.148,0.266
LUXM4,Trevisa Investimentos S.A.,Industrials,Marine Shipping,Brazil,https://www.trevisa.com.br,,0.1245,136466000.0,41079000.0,36072000.0,0.27211002,11055000.0,7169000.0,0.27146,0.06874,0.973,0.308
GSHP3,General Shopping e Outlets do Brasil S.A.,Real Estate,Real Estate - Diversified,Brazil,https://www.generalshopping.com.br,168.0,0.0,183796000.0,122580000.0,85104000.0,0.0,115708000.0,2380112896.0,,0.03918,0.92,
TELB4,Telecomunicações Brasileiras S.A. - Telebras,Communication Services,Telecom Services,Brazil,https://www.telebras.com.br,345.0,0.0,414315008.0,-210867008.0,277436992.0,-0.16068001,425387008.0,55723000.0,-0.04579,0.00317,5.646,0.936
CLSC4,Centrais Elétricas de Santa Catarina S.A.,Utilities,Utilities - Regulated Electric,Brazil,https://www.celesc.com.br,,0.3711,10658857984.0,1805880064.0,1695651968.0,0.06716,1019481984.0,4279215104.0,0.21677999,0.06651,1.278,
SNSY5,Sansuy S.A.,Consumer Cyclical,Auto Parts,Brazil,https://sansuy.com.br,2459.0,0.0,944819968.0,249180992.0,309059008.0,-0.02416,21893000.0,244340992.0,,0.35037997,0.919,1.6
ISAE3,ISA Energía Brasil S.A,Utilities,Utilities - Independent Power Producers,Brazil,https://www.isacteep.com.br,1636.0,0.4359,8400433152.0,3892080896.0,4745963008.0,0.42481,3276683008.0,14952062976.0,0.18391001,0.07131,3.773,0.387
EUCA3,Eucatex S.A. Indústria e Comércio,Industrials,Building Products & Equipment,Brazil,https://www.eucatex.com.br,,0.3111,2857808896.0,856708992.0,550910016.0,0.06929,246235008.0,1202178048.0,0.07956,0.045289997,1.715,0.848
BIED3,Bahema Educação S.A.,Consumer Defensive,Education & Training Services,Brazil,https://www.biomaeducacao.com.br,,0.0,354632000.0,185220992.0,16627000.0,-0.20316,15715000.0,218972992.0,-0.60316,-0.0076200003,0.315,0.359
BMEB3,Banco Mercantil do Brasil S.A.,Financial Services,Banks - Regional,Brazil,https://bancomercantil.com.br,3096.0,0.41279998,4378462208.0,4378462208.0,,0.16288,4256698880.0,4737418240.0,0.39613,0.03042,,
MNDL3,Mundial S.A. - Produtos de Consumo,Consumer Defensive,Household & Personal Products,Brazil,https://www.mundial.com,,0.0,991350016.0,373432000.0,119200000.0,0.00262,3323000.0,480640992.0,0.01695,,0.811,
ENGI3,Energisa S.A.,Utilities,Utilities - Regulated Electric,Brazil,https://www.energisa.com.br,17000.0,0.36169997,34151348224.0,8967498752.0,8365734912.0,0.10727,8584616960.0,38014935040.0,0.21505,0.054169998,1.381,0.422
HAGA3,HAGA S/A Indústria e Comércio,Industrials,Building Products & Equipment,Brazil,https://www.haga.com.br,,0.0,30350734.0,7536813.0,917070.0,0.06528,48739996.0,20754086.0,,-0.00112,2.43,
CTKA4,Karsten S.A.,Consumer Cyclical,Textile Manufacturing,Brazil,https://www.karsten.com.br,2509.0,0.0,699084032.0,323600000.0,90106000.0,0.16938,67288000.0,443694016.0,,0.069860004,1.74,0.418
BPAC5,Banco BTG Pactual S.A.,Financial Services,Capital Markets,Brazil,https://www.btgpactual.com.br,7778.0,0.1714,35426942976.0,35426942976.0,,0.31561002,289924218880.0,310344581120.0,0.1918,0.019809999,,0.815
PPLA11,PPLA Participations Ltd.,Financial Services,Asset Management,Brazil,https://www.pplaparticipations.com,,,,,,0.0,,0.0,0.0,0.0,1.0,0.366
MOAR3,Monteiro Aranha S.A.,Industrials,Conglomerates,Brazil,https://www.monteiroaranha.com.br,,5.6917,,,2437000.0,0.0,1511457024.0,680035008.0,0.05065,0.00041,11.156,-0.063
BAZA3,Banco da Amazônia S.A.,Financial Services,Banks - Regional,Brazil,https://www.bancoamazonia.com.br,2869.0,0.3013,3488690944.0,3468585984.0,,0.32448003,788875008.0,456622016.0,0.18236999,0.022750001,,0.267
ALPA3,Alpargatas S.A.,Consumer Cyclical,Footwear & Accessories,Brazil,https://www.alpargatas.com.br,,0.357,4268997120.0,1907799040.0,243224992.0,0.0458,1098646016.0,1071315968.0,0.04982,0.01097,2.167,
CEBR6,Companhia Energética de Brasília - CEB,Utilities,Utilities - Regulated Electric,Brazil,https://www.ceb.com.br,,0.73980004,390660992.0,209723008.0,148066256.0,0.46167,681924992.0,0.0,0.17459999,0.05802,9.386,
AZEV11,,,,,,,,,,,,,,,,,
BGIP4,Banco do Estado de Sergipe S.A.,Financial Services,Banks - Regional,Brazil,https://www.banese.com.br,934.0,0.2484,668508992.0,656198976.0,,0.21945,3350036992.0,435103008.0,0.19235,0.0135,,0.314
CTSA4,Companhia Tecidos Santanense Ltda.,Consumer Cyclical,Textile Manufacturing,Brazil,https://www.santanense.com.br,,0.0,98346000.0,-37505000.0,-71551000.0,-1.24599,7087000.0,218468000.0,-0.63826,-0.08902001,0.302,0.526
BPAC3,Banco BTG Pactual S.A.,Financial Services,Capital Markets,Brazil,https://www.btgpactual.com.br,7778.0,0.1714,35426942976.0,35426942976.0,,0.31561002,289924218880.0,310344581120.0,0.1918,0.019809999,,0.815
RPMG3,Refinaria de Petróleos de Manguinhos S.A.,Energy,Oil & Gas Refining & Marketing,Brazil,https://refit.com.br,,0.0,6983505920.0,-768606976.0,-1240546944.0,-0.14908,93092000.0,2756000.0,,-0.108509995,0.821,0.441
CEDO4,Companhia de Fiação e Tecidos Cedro e Cachoeira S.A.,Consumer Cyclical,Textile Manufacturing,Brazil,https://www.cedro.com.br,,0.0,1036777024.0,307192000.0,184800992.0,0.10661,15396000.0,412391008.0,0.43317002,0.113929994,1.235,0.186
MTSA4,METISA Metalúrgica Timboense S.A.,Industrials,Farm & Heavy Construction Machinery,Brazil,https://www.metisa.com.br,1143.0,0.4947,505102816.0,114515720.0,45008252.0,0.06042,172258224.0,46133896.0,0.06757,0.03645,4.936,0.584
MNPR3,Minupar Participações S.A.,Consumer Defensive,Farm Products,Brazil,https://www.minupar.com.br,2560.0,0.0,354888000.0,93445000.0,72092000.0,0.03388,103874000.0,55144000.0,,0.11653,0.356,0.878
TELB3,Telecomunicações Brasileiras S.A. - Telebras,Communication Services,Telecom Services,Brazil,https://www.telebras.com.br,345.0,0.0,414315008.0,-210867008.0,277436992.0,-0.16068001,425387008.0,55723000.0,-0.04579,0.00317,5.646,0.936
BSLI3,BRB - Banco de Brasília S.A.,Financial Services,Banks - Regional,Brazil,https://novo.brb.com.br,,0.0996,2637364992.0,2625605120.0,,0.07421,7438766080.0,15001639936.0,0.06256,0.0035499998,,1.271
CRPG5,Tronox Pigmentos do Brasil S.A.,Basic Materials,Chemicals,Brazil,https://www.tronox-al.com.br,,35.3235,660950976.0,12893000.0,-19317000.0,-0.17202,180770000.0,11299000.0,-0.17811,-0.02829,3.442,0.836
HAGA4,HAGA S/A Indústria e Comércio,Industrials,Building Products & Equipment,Brazil,https://www.haga.com.br,,0.0,30350734.0,7536813.0,917070.0,0.06528,48739996.0,20754086.0,,-0.00112,2.43,
MWET4,Wetzel S.A.,Consumer Cyclical,Auto Parts,Brazil,https://www.wetzel.com.br,1009.0,0.0,288728000.0,16307000.0,54354000.0,0.09024999,8341000.0,88160000.0,3.6066,0.09786,0.792,
ATED3,,Communication Services,Publishing,Brazil,https://atomeducacional.com.br,,0.0,,,,0.0,,,,,,
RSUL4,Metalúrgica Riosulense S.A.,Consumer Cyclical,Auto Parts,Brazil,https://rio.expert,875.0,0.22,387879008.0,159216000.0,91062000.0,0.15115,54657000.0,15504000.0,0.25755,0.13097,2.647,
GEPA4,Rio Paranapanema Energia S.A.,Utilities,Utilities - Regulated Electric,Brazil,https://www.paranapanemaenergia.com.br,,33.4598,1232665984.0,730244992.0,854523008.0,0.36359,444668992.0,634192000.0,0.2494,0.10827,0.633,
CEBR5,Companhia Energética de Brasília - CEB,Utilities,Utilities - Regulated Electric,Brazil,https://www.ceb.com.br,,0.6725,390660992.0,209723008.0,148066256.0,0.46167,681924992.0,0.0,0.17459999,0.05802,9.386,
OFSA3,Ouro Fino Saúde Animal Participações S.A.,Healthcare,Drug Manufacturers - Specialty & Generic,Brazil,https://www.ourofinosaudeanimal.com,1052.0,0.36560002,1024792000.0,517684992.0,207396000.0,0.13108,233956992.0,375132000.0,0.18582001,0.087060004,3.061,0.674
NEXP3,Nexpe Participações S.A.,Real Estate,Real Estate Services,Brazil,https://www.nexpe.co/en/,,0.0,88664000.0,38806000.0,128879000.0,1.12435,9688000.0,1991000.0,,1.06882,0.526,
BMIN4,Banco Mercantil de Investimentos S.A.,Financial Services,Banks - Regional,Brazil,https://www.bancobmi.com.br,,0.9399,19299000.0,19299000.0,,0.42987,240000.0,0.0,0.06007,0.02052,,
REDE3,Rede Energia Participações S.A.,Utilities,Utilities - Regulated Electric,Brazil,https://www.energisa.com.br,7219.0,0.83379996,17884954624.0,5293881856.0,4593574912.0,0.08253,3411502080.0,16068969472.0,0.32248002,0.08173,1.383,0.173
OSXB3,OSX Brasil S.A.,Energy,Oil & Gas Equipment & Services,Brazil,https://www.osx.com.br,,0.0,69281000.0,68804000.0,5320000.0,0.0,2451000.0,7918875136.0,,-0.00263,0.011,
PEAB3,Companhia de Participações Aliança da Bahia,Financial Services,Asset Management,Brazil,https://www.aliancaparticipacoes.com.br,,0.5719,97331000.0,56887000.0,370000.0,0.36858,1606000.0,164106000.0,0.04047,-0.00569,5.511,
PATI3,Panatlântica S.A.,Basic Materials,Steel,Brazil,https://www.panatlantica.com.br,,1.4291,2109725056.0,261078000.0,143052992.0,0.04013,460287008.0,482988000.0,0.10519,0.050440002,2.28,
MRSA3B,MRS Logística S.A.,Industrials,Railroads,Brazil,https://www.mrs.com.br,,0.2014,7057707008.0,3021102080.0,3411185920.0,0.19587,3709224960.0,9729253376.0,0.19133,0.08198,1.672,
PTNT3,Pettenati S.A. Industria Têxtil,Consumer Cyclical,Apparel Manufacturing,Brazil,https://www.pettenati.com.br,,0.4154,822907200.0,122147872.0,90095664.0,0.0404,245294720.0,386759712.0,0.09648,0.03504,2.558,
RPAD5,Alfa Holdings S.A.,Industrials,Conglomerates,Brazil,https://www.alfanet.com.br,,3.3195999,,,,0.0,127622000.0,0.0,-0.113649994,-0.00488,11.312,-0.178
ENMT3,Energisa Mato Grosso - Distribuidora de Energia S/A,Utilities,Utilities - Regulated Electric,Brazil,https://www.energisa.com.br,,0.5926,8214478848.0,2032850944.0,2165585920.0,0.13246,1589841024.0,6903558144.0,0.27131,0.08557,1.529,0.004
CEEB3,Companhia de Eletricidade do Estado da Bahia - COELBA,Utilities,Utilities - Regulated Electric,Brazil,https://www.coelba.com.br,,0.4981,16714000384.0,4402999808.0,5037000192.0,0.105059996,796000000.0,15777000448.0,0.23791,0.0846,0.826,0.281
CGRA3,Grazziotin S.A.,Consumer Cyclical,Department Stores,Brazil,https://www.grazziotin.com.br,2828.0,0.53540003,728592000.0,384966016.0,108071000.0,0.14363,207188000.0,175755008.0,0.11392,0.03808,2.472,0.39
BSLI4,BRB - Banco de Brasília S.A.,Financial Services,Banks - Regional,Brazil,https://novo.brb.com.br,,0.1024,2637364992.0,2625605120.0,,0.07421,7438766080.0,15001639936.0,0.06256,0.0035499998,,1.271
EKTR4,Elektro Redes S.A.,Utilities,Utilities - Regulated Electric,Brazil,https://www.elektro.com.br,,2.4703999,9409000448.0,2123000064.0,2567000064.0,0.098950006,714000000.0,7283999744.0,0.33731997,0.11337,0.944,0.199
FESA3,Cia de Ferro Ligas da Bahia S.A. - FERBASA,Basic Materials,Steel,Brazil,https://www.ferbasa.com.br,,0.7428,2236704000.0,396577984.0,291632992.0,0.14653,846745984.0,483500000.0,0.10035,0.01496,2.676,0.198
PLAS3,Plascar Participações Industriais S.A.,Consumer Cyclical,Auto Parts,Brazil,https://www.plascar.com.br,3200.0,0.0,1147257984.0,150040000.0,34117000.0,-0.120170005,21265000.0,311824992.0,,-0.0014200001,0.393,
NORD3,Nordon Indústrias Metalúrgicas S/A,Financial Services,Shell Companies,Brazil,https://www.nordon.ind.br,,0.0,2307000.0,2307000.0,,17.21847,19000.0,38685000.0,,1.12414,0.016,-0.898
CTSA3,Companhia Tecidos Santanense Ltda.,Consumer Cyclical,Textile Manufacturing,Brazil,https://www.santanense.com.br,,0.0,98346000.0,-37505000.0,-71551000.0,-1.24599,7087000.0,218468000.0,-0.63826,-0.08902001,0.302,0.526
TKNO4,Tekno S.A. Indústria e Comércio,Basic Materials,Steel,Brazil,https://teknokroma.com.br,,0.3698,301032992.0,84287000.0,58640000.0,0.16746001,91490000.0,1647000.0,0.16642,0.086160004,3.26,-0.008
PEAB4,Companhia de Participações Aliança da Bahia,Financial Services,Asset Management,Brazil,https://www.aliancaparticipacoes.com.br,,0.6494,97331000.0,56887000.0,370000.0,0.36858,1606000.0,164106000.0,0.04047,-0.00569,5.511,
SOND5,Sondotécnica Engenharia de Solos S.A.,Industrials,Engineering & Construction,Brazil,https://www.sondotecnica.com.br,,0.83089995,197944000.0,54853000.0,21617000.0,0.073920004,34342000.0,6809000.0,0.23636,0.120740004,1.997,0.115
GEPA3,Rio Paranapanema Energia S.A.,Utilities,Utilities - Regulated Electric,Brazil,https://www.paranapanemaenergia.com.br,,33.4598,1232665984.0,730244992.0,854523008.0,0.36359,444668992.0,634192000.0,0.2494,0.10827,0.633,
MRSA6B,MRS Logística S.A.,Industrials,Railroads,Brazil,https://www.mrs.com.br,,0.2215,7057707008.0,3021102080.0,3411185920.0,0.19587,3709224960.0,9729253376.0,0.19133,0.08198,1.672,
IGTI4,Iguatemi S.A.,Real Estate,Real Estate Services,Brazil,https://iguatemi.com.br,,0.82519996,1264744960.0,879081984.0,766497984.0,0.33694,2271283968.0,4130287104.0,0.098620005,0.04547,4.875,0.099
IGTI4,Iguatemi S.A.,Real Estate,Real Estate Services,Brazil,https://iguatemi.com.br,,0.82519996,1264744960.0,879081984.0,766497984.0,0.33694,2271283968.0,4130287104.0,0.098620005,0.04547,4.875,0.099
AFLT3,Afluente Transmissão de Energia Elétrica S.A.,Utilities,Utilities - Regulated Electric,Brazil,https://www.afluentet.com.br,,0.4459,81456000.0,43476000.0,39421000.0,0.37609002,13671000.0,28902000.0,0.11813,0.07616,4.756,0.303
BMKS3,Bicicletas Monark S.A.,Consumer Cyclical,Leisure,Brazil,https://www.monark.com.br,,1.1875,15656000.0,4780000.0,-5142000.0,0.96219003,167623008.0,3820000.0,0.072459996,-0.013730001,20.543,
CGAS5,Companhia de Gás de São Paulo - COMGÁS,Utilities,Utilities - Regulated Gas,Brazil,https://www.comgas.com.br,,0.78279996,14894707712.0,3349531904.0,3831188992.0,0.11793,1827704064.0,8834754560.0,1.53956,0.13633999,1.949,
BALM4,Baumer S.A.,Healthcare,Medical Instruments & Supplies,Brazil,https://www.baumer.com.br,,0.24,194386000.0,119808000.0,41795000.0,0.16259001,76827000.0,16725000.0,0.18280001,0.08575,2.826,0.461
BNBR3,Banco do Nordeste do Brasil S.A.,Financial Services,Banks - Regional,Brazil,https://www.bnb.gov.br,7104.0,0.2552,11635935232.0,11629670400.0,,0.20131999,8237638144.0,12373936128.0,0.18999,0.03453,,0.29
EQMA3B,Equatorial Maranhão Distribuidora de Energia S.A.,Utilities,Utilities - Regulated Electric,Brazil,https://www.ri.equatorialenergia.com.br,,0.52709997,6393640960.0,1535444992.0,1448056960.0,0.11391,1169981952.0,4370729984.0,0.17879,0.06858,1.403,
CPLE5,Companhia Paranaense de Energia - COPEL,Utilities,Utilities - Regulated Electric,Brazil,https://www.copel.com,4396.0,0.3992,23126124544.0,4304003072.0,5468179968.0,0.12729,6057193984.0,19138037760.0,0.095769994,0.04441,1.484,0.356
WLMM4,WLM Participações e Comércio de Máquinas e Veículos S.A.,Consumer Cyclical,Auto & Truck Dealerships,Brazil,https://www.wlm.com.br,,0.206,3124270080.0,368548992.0,216898000.0,0.04142,85330000.0,371311008.0,0.17531,0.111260004,2.396,0.263
BMIN3,Banco Mercantil de Investimentos S.A.,Financial Services,Banks - Regional,Brazil,https://www.bancobmi.com.br,,0.8545,19299000.0,19299000.0,,0.42987,240000.0,0.0,0.06007,0.02052,,
PINE11,,,,,,,,,,,,,,,,,
ESTR4,Manufatura de Brinquedos Estrela S.A.,Consumer Cyclical,Leisure,Brazil,https://www.estrela.com.br,,0.0,154454000.0,67626000.0,2876000.0,-0.15708,1074000.0,101031000.0,,0.00114,0.143,-0.013
LIPR3,Eletrobrás Participações S.A. - Eletropar,Utilities,Utilities - Regulated Electric,Brazil,https://eletrobraspar.com/Paginas/default.aspx,,0.1769,,,-6214000.0,0.0,68872000.0,0.0,0.11728,-0.01623,4.318,0.142
BGIP3,Banco do Estado de Sergipe S.A.,Financial Services,Banks - Regional,Brazil,https://www.banese.com.br,934.0,0.22770001,668508992.0,656198976.0,,0.21945,3350036992.0,435103008.0,0.19235,0.0135,,0.314
HETA4,Hercules S.A - Fábrica de Talheres,Consumer Defensive,Household & Personal Products,Brazil,https://www.hercules.ind.br,,0.0,4118000.0,4118000.0,,0.17557,14000.0,324582016.0,,0.17584999,0.232,1.148
CEED3,Companhia Estadual de Distribuição de Energia Elétrica,Utilities,Utilities - Regulated Electric,Brazil,https://www.ceee.com.br,,0.0,5339987968.0,786644992.0,564120000.0,-0.08219,885844992.0,5705298944.0,,0.03198,1.149,-0.601
EKTR3,Elektro Redes S.A.,Utilities,Utilities - Regulated Electric,Brazil,https://www.elektro.com.br,,2.2458,9409000448.0,2123000064.0,2567000064.0,0.098950006,714000000.0,7283999744.0,0.33731997,0.11337,0.944,0.199
UNIP5,Unipar Carbocloro S.A.,Basic Materials,Chemicals,Brazil,https://www.unipar.com,1400.0,0.39419997,5431599104.0,1472600960.0,1010046016.0,0.102290004,1518081024.0,2317981952.0,0.21176,0.0637,2.879,0.653
HBTS5,Companhia Habitasul de Participações,Real Estate,Real Estate Services,Brazil,https://www.habitasul.com.br,,1.8560001,52862000.0,30859000.0,-57239000.0,0.28296,37541000.0,271127008.0,0.0226,-0.023039998,1.384,1.404
BDLL4,Bardella S.A. Indústrias Mecânicas,Industrials,Specialty Industrial Machinery,Brazil,https://www.bardella.com.br,263.0,0.0,42009000.0,7994000.0,-16716000.0,-0.63991,17342000.0,297160992.0,,-0.02088,0.463,
CGAS3,Companhia de Gás de São Paulo - COMGÁS,Utilities,Utilities - Regulated Gas,Brazil,https://www.comgas.com.br,,0.71160007,14894707712.0,3349531904.0,3831188992.0,0.11793,1827704064.0,8834754560.0,1.53956,0.13633999,1.949,
PATI4,Panatlântica S.A.,Basic Materials,Steel,Brazil,https://www.panatlantica.com.br,,2.0117,2109725056.0,261078000.0,143052992.0,0.04013,460287008.0,482988000.0,0.10519,0.050440002,2.28,
MRSA5B,MRS Logística S.A.,Industrials,Railroads,Brazil,https://www.mrs.com.br,,0.2215,7057707008.0,3021102080.0,3411185920.0,0.19587,3709224960.0,9729253376.0,0.19133,0.08198,1.672,
BALM3,Baumer S.A.,Healthcare,Medical Instruments & Supplies,Brazil,https://www.baumer.com.br,,0.24,194386000.0,119808000.0,41795000.0,0.16259001,76827000.0,16725000.0,0.18280001,0.08575,2.826,0.461
BDLL3,Bardella S.A. Indústrias Mecânicas,Industrials,Specialty Industrial Machinery,Brazil,https://www.bardella.com.br,263.0,0.0,42009000.0,7994000.0,-16716000.0,-0.63991,17342000.0,297160992.0,,-0.02088,0.463,
PSVM11,Porto Sudeste VM SA,,,,,,,,,,,,,,,,
MAPT3,Cemepe Investimentos S.A.,Financial Services,Asset Management,Brazil,https://www.cemepe.com.br,,0.0,,,,0.0,1000.0,0.0,,-0.12928,0.017,
MERC4,"Mercantil Financeira S.A. - Crédito, Financiamento e Investimento",Financial Services,Banks - Regional,Brazil,,,0.8636,78818000.0,78818000.0,,0.31885,1844000.0,0.0,0.06152,0.04496,,1.823
COCE3,Companhia Energética do Ceará - COELCE,Utilities,Utilities - Regulated Electric,Brazil,https://www.enel.com.br/pt/investidores.html,1963.0,0.3728,8444800000.0,1252492032.0,1750834048.0,0.04404,299534016.0,5965427200.0,0.07833,0.04918,0.477,0.214
CRPG6,Tronox Pigmentos do Brasil S.A.,Basic Materials,Chemicals,Brazil,https://www.tronox-al.com.br,,35.3235,660950976.0,12893000.0,-19317000.0,-0.17202,180770000.0,11299000.0,-0.17811,-0.02829,3.442,0.836
CTKA3,Karsten S.A.,Consumer Cyclical,Textile Manufacturing,Brazil,https://www.karsten.com.br,2509.0,0.0,699084032.0,323600000.0,90106000.0,0.16938,67288000.0,443694016.0,,0.069860004,1.74,0.418
JOPA3,JOSAPAR Joaquim Oliveira S.A. Participações,Consumer Defensive,Packaged Foods,Brazil,https://josapar.com.br,,0.195,2212218880.0,467510016.0,121790000.0,0.01064,748454016.0,1221777024.0,0.03824,0.029189998,1.877,0.034
MAPT4,Cemepe Investimentos S.A.,Financial Services,Asset Management,Brazil,https://www.cemepe.com.br,,0.0,,,,0.0,1000.0,0.0,,-0.12928,0.017,
FRIO3,Metalfrio Solutions S.A.,Consumer Cyclical,"Furnishings, Fixtures & Appliances",Brazil,https://www.metalfrio.com.br,,0.0,2189092096.0,372712992.0,193676000.0,-0.00735,237438000.0,898291008.0,-0.43307,0.04891,1.214,1.517
AHEB3,São Paulo Turismo S.A.,Consumer Cyclical,Travel Services,Brazil,https://spturis.com,,0.0,691881024.0,115758000.0,92500000.0,0.16643,55638000.0,4009000.0,0.64608,0.10222,3.3,
BRSR5,Banco do Estado do Rio Grande do Sul S.A.,Financial Services,Banks - Regional,Brazil,https://www.banrisul.com.br,9462.0,0.28620002,6530369024.0,6445872128.0,,0.117410004,4932313088.0,33444630528.0,0.07462,0.00545,,
SNSY3,Sansuy S.A.,Consumer Cyclical,Auto Parts,Brazil,https://sansuy.com.br,2459.0,0.0,944819968.0,249180992.0,309059008.0,-0.02416,21893000.0,244340992.0,,0.35037997,0.919,1.6
CLSC3,Centrais Elétricas de Santa Catarina S.A.,Utilities,Utilities - Regulated Electric,Brazil,https://www.celesc.com.br,,0.32479998,10658857984.0,1805880064.0,1695651968.0,0.06716,1019481984.0,4279215104.0,0.21677999,0.06651,1.278,
CEEB5,Companhia de Eletricidade do Estado da Bahia - COELBA,Utilities,Utilities - Regulated Electric,Brazil,https://www.coelba.com.br,,0.4981,16714000384.0,4402999808.0,5037000192.0,0.105059996,796000000.0,15777000448.0,0.23791,0.0846,0.826,0.281
BRKM6,Braskem S.A.,Basic Materials,Chemicals,Brazil,https://www.braskem.com.br,,0.0,78950998016.0,6096000000.0,2843000064.0,-0.1175,13029000192.0,68976001024.0,,-0.00607,1.317,0.823
DTCY3,DTCOM - Direct to Company S.A.,Communication Services,Telecom Services,Brazil,https://dtcom.com.br,,0.0,5913000.0,1498000.0,224000.0,-0.19263001,2613000.0,693000.0,,-0.05035,1.994,0.411
